#
# There is insufficient memory for the Java Runtime Environment to continue.
# Native memory allocation (mmap) failed to map 52428800 bytes for G1 virtual space
# Possible reasons:
#   The system is out of physical RAM or swap space
#   The process is running with CompressedOops enabled, and the Java Heap may be blocking the growth of the native heap
# Possible solutions:
#   Reduce memory load on the system
#   Increase physical memory or swap space
#   Check if swap backing store is full
#   Decrease Java heap size (-Xmx/-Xms)
#   Decrease number of Java threads
#   Decrease Java thread stack sizes (-Xss)
#   Set larger code cache with -XX:ReservedCodeCacheSize=
#   JVM is running with Unscaled Compressed Oops mode in which the Java heap is
#     placed in the first 4GB address space. The Java Heap base address is the
#     maximum limit for the native heap growth. Please use -XX:HeapBaseMinAddress
#     to set the Java Heap base and to place the Java Heap above 4GB virtual address.
# This output file may be truncated or incomplete.
#
#  Out of Memory Error (os_windows.cpp:3825), pid=66028, tid=70496
#
# JRE version: OpenJDK Runtime Environment (17.0.10) (build 17.0.10+0--11609105)
# Java VM: OpenJDK 64-Bit Server VM (17.0.10+0--11609105, mixed mode, tiered, compressed oops, compressed class ptrs, g1 gc, windows-amd64)
# No core dump will be written. Minidumps are not enabled by default on client versions of Windows
#

---------------  S U M M A R Y ------------

Command Line: --add-opens=java.base/java.util=ALL-UNNAMED --add-opens=java.base/java.lang=ALL-UNNAMED --add-opens=java.base/java.lang.invoke=ALL-UNNAMED --add-opens=java.prefs/java.util.prefs=ALL-UNNAMED --add-opens=java.base/java.nio.charset=ALL-UNNAMED --add-opens=java.base/java.net=ALL-UNNAMED --add-opens=java.base/java.util.concurrent.atomic=ALL-UNNAMED -Xmx2048m -Dfile.encoding=UTF-8 -Duser.country=IN -Duser.language=en -Duser.variant -javaagent:C:\Users\aman2\.gradle\wrapper\dists\gradle-8.7-bin\bhs2wmbdwecv87pi65oeuq5iu\gradle-8.7\lib\agents\gradle-instrumentation-agent-8.7.jar org.gradle.launcher.daemon.bootstrap.GradleDaemon 8.7

Host: Intel(R) Core(TM) i5-10300H CPU @ 2.50GHz, 8 cores, 7G,  Windows 10 , 64 bit Build 19041 (10.0.19041.5915)
Time: Wed Dec 17 22:08:04 2025 India Standard Time elapsed time: 117.271974 seconds (0d 0h 1m 57s)

---------------  T H R E A D  ---------------

Current thread (0x00000230b443be20):  VMThread "VM Thread" [stack: 0x00000088dd800000,0x00000088dd900000] [id=70496]

Stack: [0x00000088dd800000,0x00000088dd900000]
Native frames: (J=compiled Java code, j=interpreted, Vv=VM code, C=native code)
V  [jvm.dll+0x688de9]
V  [jvm.dll+0x8423da]
V  [jvm.dll+0x84401e]
V  [jvm.dll+0x844683]
V  [jvm.dll+0x24be0f]
V  [jvm.dll+0x685bb9]
V  [jvm.dll+0x67a46a]
V  [jvm.dll+0x30cbab]
V  [jvm.dll+0x314056]
V  [jvm.dll+0x363dce]
V  [jvm.dll+0x363fff]
V  [jvm.dll+0x2e2978]
V  [jvm.dll+0x2e5a66]
V  [jvm.dll+0x2f027a]
V  [jvm.dll+0x325240]
V  [jvm.dll+0x848d7b]
V  [jvm.dll+0x849ac1]
V  [jvm.dll+0x849fdd]
V  [jvm.dll+0x84a3b4]
V  [jvm.dll+0x84a480]
V  [jvm.dll+0x7f0c7a]
V  [jvm.dll+0x687c65]
C  [ucrtbase.dll+0x21bb2]
C  [KERNEL32.DLL+0x17374]
C  [ntdll.dll+0x4cc91]

VM_Operation (0x00000088dd4ff470): G1PauseRemark, mode: safepoint, requested by thread 0x00000230986a21f0


---------------  P R O C E S S  ---------------

Threads class SMR info:
_java_thread_list=0x00000230c3487e20, length=95, elements={
0x0000023098633d60, 0x00000230b443ea50, 0x00000230b443f7e0, 0x00000230b4444360,
0x00000230b45c0430, 0x00000230b45c0d00, 0x00000230b45c1be0, 0x00000230b45c2bf0,
0x00000230b45c6e10, 0x00000230b45d1740, 0x00000230b46f01b0, 0x00000230b481ab10,
0x00000230bb5878b0, 0x00000230b9e4c190, 0x00000230bb186980, 0x00000230ba10d690,
0x00000230ba10e5c0, 0x00000230ba10dba0, 0x00000230ba10ead0, 0x00000230ba10efe0,
0x00000230bbadd5b0, 0x00000230bbada820, 0x00000230bc6e8860, 0x00000230bc6e50b0,
0x00000230bc6e7420, 0x00000230bc6e7e40, 0x00000230bc6e55c0, 0x00000230bc6e6a00,
0x00000230bc6e4690, 0x00000230bc6e7930, 0x00000230bc6e4ba0, 0x00000230bc6e8d70,
0x00000230bc6e9280, 0x00000230bc6e9790, 0x00000230bc6ea6c0, 0x00000230bc6e4180,
0x00000230bc6ea1b0, 0x00000230bc6eabd0, 0x00000230bc6eb0e0, 0x00000230bc6e3c70,
0x00000230bc6e5fe0, 0x00000230bc6eb5f0, 0x00000230bc6e5ad0, 0x00000230bb025780,
0x00000230bb026bc0, 0x00000230bb029440, 0x00000230bb023920, 0x00000230bb028510,
0x00000230bb023e30, 0x00000230bb022f00, 0x00000230bb029e60, 0x00000230bb024340,
0x00000230bb024850, 0x00000230bb0229f0, 0x00000230bb024d60, 0x00000230bb025270,
0x00000230bb025c90, 0x00000230bb028a20, 0x00000230bb0270d0, 0x00000230bb0275e0,
0x00000230bb027af0, 0x00000230bb029950, 0x00000230bb02a370, 0x00000230bbadc170,
0x00000230bbadb240, 0x00000230bbadbc60, 0x00000230bbaddac0, 0x00000230bbad84b0,
0x00000230bbaddfd0, 0x00000230bbada310, 0x00000230bbad7070, 0x00000230bbad98f0,
0x00000230bbadc680, 0x00000230bbadd0a0, 0x00000230bbad89c0, 0x00000230bbade9f0,
0x00000230bbad7580, 0x00000230bbad7a90, 0x00000230bbadb750, 0x00000230bbad7fa0,
0x00000230bbad8ed0, 0x00000230bcffd870, 0x00000230bd001530, 0x00000230bd001020,
0x00000230bcffce50, 0x00000230bd001a40, 0x00000230bcffaff0, 0x00000230bcffb500,
0x00000230bd000600, 0x00000230bcffc940, 0x00000230bcffd360, 0x00000230bcffdd80,
0x00000230bcffe290, 0x00000230bcffe7a0, 0x00000230bcfff1c0
}

Java Threads: ( => current thread )
  0x0000023098633d60 JavaThread "main" [_thread_blocked, id=73564, stack(0x00000088dd200000,0x00000088dd300000)]
  0x00000230b443ea50 JavaThread "Reference Handler" daemon [_thread_blocked, id=14532, stack(0x00000088dd900000,0x00000088dda00000)]
  0x00000230b443f7e0 JavaThread "Finalizer" daemon [_thread_blocked, id=64716, stack(0x00000088dda00000,0x00000088ddb00000)]
  0x00000230b4444360 JavaThread "Signal Dispatcher" daemon [_thread_blocked, id=14968, stack(0x00000088ddb00000,0x00000088ddc00000)]
  0x00000230b45c0430 JavaThread "Attach Listener" daemon [_thread_blocked, id=62672, stack(0x00000088ddc00000,0x00000088ddd00000)]
  0x00000230b45c0d00 JavaThread "Service Thread" daemon [_thread_blocked, id=5052, stack(0x00000088ddd00000,0x00000088dde00000)]
  0x00000230b45c1be0 JavaThread "Monitor Deflation Thread" daemon [_thread_blocked, id=67912, stack(0x00000088dde00000,0x00000088ddf00000)]
  0x00000230b45c2bf0 JavaThread "C2 CompilerThread0" daemon [_thread_blocked, id=53196, stack(0x00000088ddf00000,0x00000088de000000)]
  0x00000230b45c6e10 JavaThread "C1 CompilerThread0" daemon [_thread_blocked, id=52644, stack(0x00000088de000000,0x00000088de100000)]
  0x00000230b45d1740 JavaThread "Sweeper thread" daemon [_thread_blocked, id=68516, stack(0x00000088de100000,0x00000088de200000)]
  0x00000230b46f01b0 JavaThread "Common-Cleaner" daemon [_thread_blocked, id=53724, stack(0x00000088de200000,0x00000088de300000)]
  0x00000230b481ab10 JavaThread "Notification Thread" daemon [_thread_blocked, id=66164, stack(0x00000088de300000,0x00000088de400000)]
  0x00000230bb5878b0 JavaThread "Daemon health stats" [_thread_blocked, id=49428, stack(0x00000088dea00000,0x00000088deb00000)]
  0x00000230b9e4c190 JavaThread "Incoming local TCP Connector on port 61217" [_thread_in_native, id=14352, stack(0x00000088deb00000,0x00000088dec00000)]
  0x00000230bb186980 JavaThread "Daemon periodic checks" [_thread_blocked, id=12172, stack(0x00000088dec00000,0x00000088ded00000)]
  0x00000230ba10d690 JavaThread "Cache worker for journal cache (C:\Users\aman2\.gradle\caches\journal-1)" [_thread_blocked, id=59200, stack(0x00000088df800000,0x00000088df900000)]
  0x00000230ba10e5c0 JavaThread "File lock request listener" [_thread_in_native, id=55140, stack(0x00000088df900000,0x00000088dfa00000)]
  0x00000230ba10dba0 JavaThread "Cache worker for file hash cache (C:\Users\aman2\.gradle\caches\8.7\fileHashes)" [_thread_blocked, id=27556, stack(0x00000088dfa00000,0x00000088dfb00000)]
  0x00000230ba10ead0 JavaThread "File watcher server" daemon [_thread_blocked, id=16360, stack(0x00000088dfc00000,0x00000088dfd00000)]
  0x00000230ba10efe0 JavaThread "File watcher consumer" daemon [_thread_blocked, id=10816, stack(0x00000088dfd00000,0x00000088dfe00000)]
  0x00000230bbadd5b0 JavaThread "Cache worker for file content cache (C:\Users\aman2\.gradle\caches\8.7\fileContent)" [_thread_blocked, id=16968, stack(0x00000088e0100000,0x00000088e0200000)]
  0x00000230bbada820 JavaThread "Memory manager" [_thread_blocked, id=64264, stack(0x00000088e1300000,0x00000088e1400000)]
  0x00000230bc6e8860 JavaThread "Daemon Thread 2" [_thread_blocked, id=30188, stack(0x00000088dcf00000,0x00000088dd000000)]
  0x00000230bc6e50b0 JavaThread "Handler for socket connection from /127.0.0.1:61217 to /127.0.0.1:61311" [_thread_in_native, id=48976, stack(0x00000088dd000000,0x00000088dd100000)]
  0x00000230bc6e7420 JavaThread "Cancel handler" [_thread_blocked, id=18564, stack(0x00000088dd100000,0x00000088dd200000)]
  0x00000230bc6e7e40 JavaThread "Daemon worker Thread 2" [_thread_blocked, id=21300, stack(0x00000088ded00000,0x00000088dee00000)]
  0x00000230bc6e55c0 JavaThread "Asynchronous log dispatcher for DefaultDaemonConnection: socket connection from /127.0.0.1:61217 to /127.0.0.1:61311" [_thread_blocked, id=73428, stack(0x00000088def00000,0x00000088df000000)]
  0x00000230bc6e6a00 JavaThread "Stdin handler" [_thread_blocked, id=27120, stack(0x00000088df000000,0x00000088df100000)]
  0x00000230bc6e4690 JavaThread "Daemon client event forwarder" [_thread_blocked, id=69684, stack(0x00000088df100000,0x00000088df200000)]
  0x00000230bc6e7930 JavaThread "Cache worker for file hash cache (C:\Users\aman2\Desktop\Payplit\PayPlit\PayPlitApp\.gradle\8.7\fileHashes)" [_thread_blocked, id=21084, stack(0x00000088df200000,0x00000088df300000)]
  0x00000230bc6e4ba0 JavaThread "Cache worker for checksums cache (C:\Users\aman2\Desktop\Payplit\PayPlit\PayPlitApp\.gradle\8.7\checksums)" [_thread_blocked, id=27860, stack(0x00000088df300000,0x00000088df400000)]
  0x00000230bc6e8d70 JavaThread "Cache worker for cache directory md-supplier (C:\Users\aman2\.gradle\caches\8.7\md-supplier)" [_thread_blocked, id=63052, stack(0x00000088dfb00000,0x00000088dfc00000)]
  0x00000230bc6e9280 JavaThread "Cache worker for cache directory md-rule (C:\Users\aman2\.gradle\caches\8.7\md-rule)" [_thread_blocked, id=30928, stack(0x00000088dfe00000,0x00000088dff00000)]
  0x00000230bc6e9790 JavaThread "Cache worker for Build Output Cleanup Cache (C:\Users\aman2\Desktop\Payplit\PayPlit\PayPlitApp\.gradle\buildOutputCleanup)" [_thread_blocked, id=64372, stack(0x00000088dff00000,0x00000088e0000000)]
  0x00000230bc6ea6c0 JavaThread "Unconstrained build operations" [_thread_blocked, id=19096, stack(0x00000088e0000000,0x00000088e0100000)]
  0x00000230bc6e4180 JavaThread "Unconstrained build operations Thread 2" [_thread_blocked, id=47232, stack(0x00000088e0300000,0x00000088e0400000)]
  0x00000230bc6ea1b0 JavaThread "Unconstrained build operations Thread 3" [_thread_blocked, id=30320, stack(0x00000088e0400000,0x00000088e0500000)]
  0x00000230bc6eabd0 JavaThread "Unconstrained build operations Thread 4" [_thread_blocked, id=20912, stack(0x00000088e0500000,0x00000088e0600000)]
  0x00000230bc6eb0e0 JavaThread "Unconstrained build operations Thread 5" [_thread_blocked, id=22232, stack(0x00000088e0600000,0x00000088e0700000)]
  0x00000230bc6e3c70 JavaThread "Unconstrained build operations Thread 6" [_thread_blocked, id=38392, stack(0x00000088e0700000,0x00000088e0800000)]
  0x00000230bc6e5fe0 JavaThread "Unconstrained build operations Thread 7" [_thread_blocked, id=68736, stack(0x00000088e0800000,0x00000088e0900000)]
  0x00000230bc6eb5f0 JavaThread "build event listener" [_thread_blocked, id=2876, stack(0x00000088e0900000,0x00000088e0a00000)]
  0x00000230bc6e5ad0 JavaThread "build event listener" [_thread_blocked, id=9244, stack(0x00000088e0a00000,0x00000088e0b00000)]
  0x00000230bb025780 JavaThread "included builds" [_thread_blocked, id=55788, stack(0x00000088e0b00000,0x00000088e0c00000)]
  0x00000230bb026bc0 JavaThread "Execution worker" [_thread_blocked, id=16844, stack(0x00000088e0c00000,0x00000088e0d00000)]
  0x00000230bb029440 JavaThread "Execution worker Thread 2" [_thread_blocked, id=60972, stack(0x00000088e0d00000,0x00000088e0e00000)]
  0x00000230bb023920 JavaThread "Execution worker Thread 3" [_thread_blocked, id=24248, stack(0x00000088e0e00000,0x00000088e0f00000)]
  0x00000230bb028510 JavaThread "Execution worker Thread 4" [_thread_blocked, id=60420, stack(0x00000088e0f00000,0x00000088e1000000)]
  0x00000230bb023e30 JavaThread "Execution worker Thread 5" [_thread_blocked, id=27832, stack(0x00000088e1000000,0x00000088e1100000)]
  0x00000230bb022f00 JavaThread "Execution worker Thread 6" [_thread_blocked, id=46792, stack(0x00000088e1100000,0x00000088e1200000)]
  0x00000230bb029e60 JavaThread "Execution worker Thread 7" [_thread_blocked, id=31892, stack(0x00000088e1200000,0x00000088e1300000)]
  0x00000230bb024340 JavaThread "Cache worker for execution history cache (C:\Users\aman2\Desktop\Payplit\PayPlit\PayPlitApp\.gradle\8.7\executionHistory)" [_thread_blocked, id=7352, stack(0x00000088e1400000,0x00000088e1500000)]
  0x00000230bb024850 JavaThread "Unconstrained build operations Thread 8" [_thread_blocked, id=72224, stack(0x00000088e1500000,0x00000088e1600000)]
  0x00000230bb0229f0 JavaThread "Unconstrained build operations Thread 9" [_thread_blocked, id=19160, stack(0x00000088e1600000,0x00000088e1700000)]
  0x00000230bb024d60 JavaThread "Unconstrained build operations Thread 10" [_thread_blocked, id=10064, stack(0x00000088e1700000,0x00000088e1800000)]
  0x00000230bb025270 JavaThread "Unconstrained build operations Thread 11" [_thread_blocked, id=11832, stack(0x00000088e1800000,0x00000088e1900000)]
  0x00000230bb025c90 JavaThread "Unconstrained build operations Thread 12" [_thread_blocked, id=71860, stack(0x00000088e1900000,0x00000088e1a00000)]
  0x00000230bb028a20 JavaThread "Unconstrained build operations Thread 13" [_thread_blocked, id=13896, stack(0x00000088e1a00000,0x00000088e1b00000)]
  0x00000230bb0270d0 JavaThread "Unconstrained build operations Thread 14" [_thread_blocked, id=54928, stack(0x00000088e1b00000,0x00000088e1c00000)]
  0x00000230bb0275e0 JavaThread "Unconstrained build operations Thread 15" [_thread_blocked, id=33816, stack(0x00000088e1c00000,0x00000088e1d00000)]
  0x00000230bb027af0 JavaThread "Unconstrained build operations Thread 16" [_thread_blocked, id=71132, stack(0x00000088e1d00000,0x00000088e1e00000)]
  0x00000230bb029950 JavaThread "Unconstrained build operations Thread 17" [_thread_blocked, id=72380, stack(0x00000088e1e00000,0x00000088e1f00000)]
  0x00000230bb02a370 JavaThread "Unconstrained build operations Thread 18" [_thread_blocked, id=55824, stack(0x00000088e1f00000,0x00000088e2000000)]
  0x00000230bbadc170 JavaThread "Unconstrained build operations Thread 19" [_thread_blocked, id=14292, stack(0x00000088e2000000,0x00000088e2100000)]
  0x00000230bbadb240 JavaThread "Unconstrained build operations Thread 20" [_thread_blocked, id=26540, stack(0x00000088e2100000,0x00000088e2200000)]
  0x00000230bbadbc60 JavaThread "Unconstrained build operations Thread 21" [_thread_blocked, id=64940, stack(0x00000088e2200000,0x00000088e2300000)]
  0x00000230bbaddac0 JavaThread "Unconstrained build operations Thread 22" [_thread_blocked, id=39816, stack(0x00000088e2300000,0x00000088e2400000)]
  0x00000230bbad84b0 JavaThread "Unconstrained build operations Thread 23" [_thread_blocked, id=60576, stack(0x00000088e2400000,0x00000088e2500000)]
  0x00000230bbaddfd0 JavaThread "Unconstrained build operations Thread 24" [_thread_blocked, id=68296, stack(0x00000088e2500000,0x00000088e2600000)]
  0x00000230bbada310 JavaThread "Unconstrained build operations Thread 25" [_thread_blocked, id=72192, stack(0x00000088e2600000,0x00000088e2700000)]
  0x00000230bbad7070 JavaThread "WorkerExecutor Queue" [_thread_blocked, id=20808, stack(0x00000088e2700000,0x00000088e2800000)]
  0x00000230bbad98f0 JavaThread "Unconstrained build operations Thread 26" [_thread_blocked, id=27552, stack(0x00000088e2800000,0x00000088e2900000)]
  0x00000230bbadc680 JavaThread "Unconstrained build operations Thread 27" [_thread_blocked, id=1388, stack(0x00000088e2900000,0x00000088e2a00000)]
  0x00000230bbadd0a0 JavaThread "Unconstrained build operations Thread 28" [_thread_blocked, id=27520, stack(0x00000088e2a00000,0x00000088e2b00000)]
  0x00000230bbad89c0 JavaThread "Unconstrained build operations Thread 29" [_thread_blocked, id=55440, stack(0x00000088e2b00000,0x00000088e2c00000)]
  0x00000230bbade9f0 JavaThread "RMI Scheduler(0)" daemon [_thread_blocked, id=17924, stack(0x00000088e2c00000,0x00000088e2d00000)]
  0x00000230bbad7580 JavaThread "RMI GC Daemon" daemon [_thread_blocked, id=11204, stack(0x00000088e2e00000,0x00000088e2f00000)]
  0x00000230bbad7a90 JavaThread "RMI TCP Accept-0" daemon [_thread_in_native, id=26152, stack(0x00000088e2f00000,0x00000088e3000000)]
  0x00000230bbadb750 JavaThread "RMI Reaper" [_thread_blocked, id=49856, stack(0x00000088e3000000,0x00000088e3100000)]
  0x00000230bbad7fa0 JavaThread "RMI TCP Connection(1)-127.0.0.1" daemon [_thread_in_native, id=9208, stack(0x00000088e3100000,0x00000088e3200000)]
  0x00000230bbad8ed0 JavaThread "Unconstrained build operations Thread 30" [_thread_blocked, id=18812, stack(0x00000088e2d00000,0x00000088e2e00000)]
  0x00000230bcffd870 JavaThread "Unconstrained build operations Thread 31" [_thread_blocked, id=73636, stack(0x00000088e3200000,0x00000088e3300000)]
  0x00000230bd001530 JavaThread "Unconstrained build operations Thread 32" [_thread_blocked, id=71352, stack(0x00000088e3300000,0x00000088e3400000)]
  0x00000230bd001020 JavaThread "Unconstrained build operations Thread 33" [_thread_blocked, id=2768, stack(0x00000088e3400000,0x00000088e3500000)]
  0x00000230bcffce50 JavaThread "Unconstrained build operations Thread 34" [_thread_blocked, id=52848, stack(0x00000088e3500000,0x00000088e3600000)]
  0x00000230bd001a40 JavaThread "Unconstrained build operations Thread 35" [_thread_blocked, id=47812, stack(0x00000088e3600000,0x00000088e3700000)]
  0x00000230bcffaff0 JavaThread "Unconstrained build operations Thread 36" [_thread_blocked, id=9968, stack(0x00000088e3700000,0x00000088e3800000)]
  0x00000230bcffb500 JavaThread "WorkerExecutor Queue Thread 2" [_thread_blocked, id=28244, stack(0x00000088e3800000,0x00000088e3900000)]
  0x00000230bd000600 JavaThread "WorkerExecutor Queue Thread 3" [_thread_blocked, id=3584, stack(0x00000088e3900000,0x00000088e3a00000)]
  0x00000230bcffc940 JavaThread "WorkerExecutor Queue Thread 4" [_thread_blocked, id=23540, stack(0x00000088e3a00000,0x00000088e3b00000)]
  0x00000230bcffd360 JavaThread "WorkerExecutor Queue Thread 5" [_thread_blocked, id=30660, stack(0x00000088e3b00000,0x00000088e3c00000)]
  0x00000230bcffdd80 JavaThread "WorkerExecutor Queue Thread 6" [_thread_blocked, id=70804, stack(0x00000088e3c00000,0x00000088e3d00000)]
  0x00000230bcffe290 JavaThread "WorkerExecutor Queue Thread 7" [_thread_blocked, id=36680, stack(0x00000088e3d00000,0x00000088e3e00000)]
  0x00000230bcffe7a0 JavaThread "WorkerExecutor Queue Thread 8" [_thread_blocked, id=70424, stack(0x00000088e3e00000,0x00000088e3f00000)]
  0x00000230bcfff1c0 JavaThread "WorkerExecutor Queue Thread 9" [_thread_blocked, id=61888, stack(0x00000088e3f00000,0x00000088e4000000)]

Other Threads:
=>0x00000230b443be20 VMThread "VM Thread" [stack: 0x00000088dd800000,0x00000088dd900000] [id=70496]
  0x0000023098634c30 WatcherThread [stack: 0x00000088de400000,0x00000088de500000] [id=25740]
  0x0000023098691390 GCTaskThread "GC Thread#0" [stack: 0x00000088dd300000,0x00000088dd400000] [id=5308]
  0x00000230b9b3e150 GCTaskThread "GC Thread#1" [stack: 0x00000088de600000,0x00000088de700000] [id=69096]
  0x00000230b94d97b0 GCTaskThread "GC Thread#2" [stack: 0x00000088de700000,0x00000088de800000] [id=25924]
  0x00000230b9c611b0 GCTaskThread "GC Thread#3" [stack: 0x00000088de800000,0x00000088de900000] [id=55496]
  0x00000230b9a6e430 GCTaskThread "GC Thread#4" [stack: 0x00000088de900000,0x00000088dea00000] [id=35908]
  0x00000230bb104030 GCTaskThread "GC Thread#5" [stack: 0x00000088df400000,0x00000088df500000] [id=4376]
  0x00000230ba942c90 GCTaskThread "GC Thread#6" [stack: 0x00000088df500000,0x00000088df600000] [id=54112]
  0x00000230ba78e8c0 GCTaskThread "GC Thread#7" [stack: 0x00000088df600000,0x00000088df700000] [id=13732]
  0x00000230986a21f0 ConcurrentGCThread "G1 Main Marker" [stack: 0x00000088dd400000,0x00000088dd500000] [id=19668]
  0x00000230986a32c0 ConcurrentGCThread "G1 Conc#0" [stack: 0x00000088dd500000,0x00000088dd600000] [id=46788]
  0x00000230ba78f100 ConcurrentGCThread "G1 Conc#1" [stack: 0x00000088df700000,0x00000088df800000] [id=24316]
  0x00000230b42930e0 ConcurrentGCThread "G1 Refine#0" [stack: 0x00000088dd600000,0x00000088dd700000] [id=67900]
  0x00000230b93e0a40 ConcurrentGCThread "G1 Refine#1" [stack: 0x00000088e0200000,0x00000088e0300000] [id=48304]
  0x00000230b4293a20 ConcurrentGCThread "G1 Service" [stack: 0x00000088dd700000,0x00000088dd800000] [id=71916]

Threads with active compile tasks:

VM state: at safepoint (normal execution)

VM Mutex/Monitor currently owned by a thread:  ([mutex/lock_event])
[0x0000023098630050] Threads_lock - owner thread: 0x00000230b443be20
[0x000002309862e160] Heap_lock - owner thread: 0x00000230986a21f0

Heap address: 0x0000000080000000, size: 2048 MB, Compressed Oops mode: 32-bit

CDS archive(s) not mapped
Compressed class space mapped at: 0x0000000100000000-0x0000000140000000, reserved size: 1073741824
Narrow klass base: 0x0000000000000000, Narrow klass shift: 3, Narrow klass range: 0x140000000

GC Precious Log:
 CPUs: 8 total, 8 available
 Memory: 7985M
 Large Page Support: Disabled
 NUMA Support: Disabled
 Compressed Oops: Enabled (32-bit)
 Heap Region Size: 1M
 Heap Min Capacity: 8M
 Heap Initial Capacity: 126M
 Heap Max Capacity: 2G
 Pre-touch: Disabled
 Parallel Workers: 8
 Concurrent Workers: 2
 Concurrent Refinement Workers: 8
 Periodic GC: Disabled

Heap:
 garbage-first heap   total 214016K, used 156583K [0x0000000080000000, 0x0000000100000000)
  region size 1024K, 21 young (21504K), 1 survivors (1024K)
 Metaspace       used 116193K, committed 117120K, reserved 1179648K
  class space    used 16106K, committed 16576K, reserved 1048576K

Heap Regions: E=young(eden), S=young(survivor), O=old, HS=humongous(starts), HC=humongous(continues), CS=collection set, F=free, OA=open archive, CA=closed archive, TAMS=top-at-mark-start (previous, next)
|   0|0x0000000080000000, 0x0000000080100000, 0x0000000080100000|100%|HS|  |TAMS 0x0000000080100000, 0x0000000080000000| Complete 
|   1|0x0000000080100000, 0x0000000080200000, 0x0000000080200000|100%|HC|  |TAMS 0x0000000080200000, 0x0000000080100000| Complete 
|   2|0x0000000080200000, 0x0000000080300000, 0x0000000080300000|100%|HC|  |TAMS 0x0000000080300000, 0x0000000080200000| Complete 
|   3|0x0000000080300000, 0x0000000080400000, 0x0000000080400000|100%|HC|  |TAMS 0x0000000080400000, 0x0000000080300000| Complete 
|   4|0x0000000080400000, 0x0000000080500000, 0x0000000080500000|100%| O|  |TAMS 0x0000000080500000, 0x0000000080400000| Untracked 
|   5|0x0000000080500000, 0x0000000080600000, 0x0000000080600000|100%| O|  |TAMS 0x0000000080600000, 0x0000000080500000| Untracked 
|   6|0x0000000080600000, 0x0000000080700000, 0x0000000080700000|100%| O|  |TAMS 0x0000000080700000, 0x0000000080600000| Untracked 
|   7|0x0000000080700000, 0x0000000080800000, 0x0000000080800000|100%| O|  |TAMS 0x0000000080800000, 0x0000000080700000| Updating 
|   8|0x0000000080800000, 0x0000000080900000, 0x0000000080900000|100%| O|  |TAMS 0x0000000080900000, 0x0000000080800000| Untracked 
|   9|0x0000000080900000, 0x0000000080a00000, 0x0000000080a00000|100%| O|  |TAMS 0x0000000080a00000, 0x0000000080900000| Updating 
|  10|0x0000000080a00000, 0x0000000080b00000, 0x0000000080b00000|100%|HS|  |TAMS 0x0000000080b00000, 0x0000000080a00000| Complete 
|  11|0x0000000080b00000, 0x0000000080c00000, 0x0000000080c00000|100%| O|  |TAMS 0x0000000080c00000, 0x0000000080b00000| Untracked 
|  12|0x0000000080c00000, 0x0000000080d00000, 0x0000000080d00000|100%| O|  |TAMS 0x0000000080d00000, 0x0000000080c00000| Untracked 
|  13|0x0000000080d00000, 0x0000000080e00000, 0x0000000080e00000|100%| O|  |TAMS 0x0000000080e00000, 0x0000000080d00000| Untracked 
|  14|0x0000000080e00000, 0x0000000080f00000, 0x0000000080f00000|100%| O|  |TAMS 0x0000000080f00000, 0x0000000080e00000| Untracked 
|  15|0x0000000080f00000, 0x0000000081000000, 0x0000000081000000|100%| O|  |TAMS 0x0000000081000000, 0x0000000080f00000| Untracked 
|  16|0x0000000081000000, 0x0000000081100000, 0x0000000081100000|100%| O|  |TAMS 0x0000000081100000, 0x0000000081000000| Untracked 
|  17|0x0000000081100000, 0x0000000081200000, 0x0000000081200000|100%| O|  |TAMS 0x0000000081200000, 0x0000000081100000| Untracked 
|  18|0x0000000081200000, 0x0000000081300000, 0x0000000081300000|100%| O|  |TAMS 0x0000000081300000, 0x0000000081200000| Untracked 
|  19|0x0000000081300000, 0x0000000081400000, 0x0000000081400000|100%| O|  |TAMS 0x0000000081400000, 0x0000000081300000| Untracked 
|  20|0x0000000081400000, 0x0000000081500000, 0x0000000081500000|100%| O|  |TAMS 0x0000000081500000, 0x0000000081400000| Updating 
|  21|0x0000000081500000, 0x0000000081600000, 0x0000000081600000|100%| O|  |TAMS 0x0000000081600000, 0x0000000081500000| Untracked 
|  22|0x0000000081600000, 0x0000000081700000, 0x0000000081700000|100%| O|  |TAMS 0x0000000081700000, 0x0000000081600000| Updating 
|  23|0x0000000081700000, 0x0000000081800000, 0x0000000081800000|100%| O|  |TAMS 0x0000000081800000, 0x0000000081700000| Updating 
|  24|0x0000000081800000, 0x0000000081900000, 0x0000000081900000|100%| O|  |TAMS 0x0000000081900000, 0x0000000081800000| Untracked 
|  25|0x0000000081900000, 0x0000000081a00000, 0x0000000081a00000|100%| O|  |TAMS 0x0000000081a00000, 0x0000000081900000| Untracked 
|  26|0x0000000081a00000, 0x0000000081b00000, 0x0000000081b00000|100%| O|  |TAMS 0x0000000081b00000, 0x0000000081a00000| Untracked 
|  27|0x0000000081b00000, 0x0000000081c00000, 0x0000000081c00000|100%| O|  |TAMS 0x0000000081c00000, 0x0000000081b00000| Untracked 
|  28|0x0000000081c00000, 0x0000000081d00000, 0x0000000081d00000|100%| O|  |TAMS 0x0000000081d00000, 0x0000000081c00000| Updating 
|  29|0x0000000081d00000, 0x0000000081e00000, 0x0000000081e00000|100%| O|  |TAMS 0x0000000081e00000, 0x0000000081d00000| Updating 
|  30|0x0000000081e00000, 0x0000000081f00000, 0x0000000081f00000|100%| O|  |TAMS 0x0000000081f00000, 0x0000000081e00000| Updating 
|  31|0x0000000081f00000, 0x0000000082000000, 0x0000000082000000|100%| O|  |TAMS 0x0000000082000000, 0x0000000081f00000| Updating 
|  32|0x0000000082000000, 0x0000000082100000, 0x0000000082100000|100%| O|  |TAMS 0x0000000082100000, 0x0000000082000000| Updating 
|  33|0x0000000082100000, 0x0000000082200000, 0x0000000082200000|100%| O|  |TAMS 0x0000000082200000, 0x0000000082100000| Untracked 
|  34|0x0000000082200000, 0x0000000082300000, 0x0000000082300000|100%| O|  |TAMS 0x0000000082300000, 0x0000000082200000| Updating 
|  35|0x0000000082300000, 0x0000000082400000, 0x0000000082400000|100%| O|  |TAMS 0x0000000082400000, 0x0000000082300000| Updating 
|  36|0x0000000082400000, 0x0000000082500000, 0x0000000082500000|100%| O|  |TAMS 0x0000000082500000, 0x0000000082400000| Updating 
|  37|0x0000000082500000, 0x0000000082600000, 0x0000000082600000|100%| O|  |TAMS 0x0000000082600000, 0x0000000082500000| Updating 
|  38|0x0000000082600000, 0x0000000082700000, 0x0000000082700000|100%| O|  |TAMS 0x0000000082700000, 0x0000000082600000| Updating 
|  39|0x0000000082700000, 0x0000000082800000, 0x0000000082800000|100%| O|  |TAMS 0x0000000082800000, 0x0000000082700000| Updating 
|  40|0x0000000082800000, 0x0000000082900000, 0x0000000082900000|100%|HS|  |TAMS 0x0000000082900000, 0x0000000082800000| Complete 
|  41|0x0000000082900000, 0x0000000082a00000, 0x0000000082a00000|100%|HS|  |TAMS 0x0000000082a00000, 0x0000000082900000| Complete 
|  42|0x0000000082a00000, 0x0000000082b00000, 0x0000000082b00000|100%|HS|  |TAMS 0x0000000082b00000, 0x0000000082a00000| Complete 
|  43|0x0000000082b00000, 0x0000000082c00000, 0x0000000082c00000|100%|HC|  |TAMS 0x0000000082c00000, 0x0000000082b00000| Complete 
|  44|0x0000000082c00000, 0x0000000082d00000, 0x0000000082d00000|100%|HS|  |TAMS 0x0000000082d00000, 0x0000000082c00000| Complete 
|  45|0x0000000082d00000, 0x0000000082e00000, 0x0000000082e00000|100%|HC|  |TAMS 0x0000000082e00000, 0x0000000082d00000| Complete 
|  46|0x0000000082e00000, 0x0000000082f00000, 0x0000000082f00000|100%|HS|  |TAMS 0x0000000082f00000, 0x0000000082e00000| Complete 
|  47|0x0000000082f00000, 0x0000000083000000, 0x0000000083000000|100%|HS|  |TAMS 0x0000000083000000, 0x0000000082f00000| Complete 
|  48|0x0000000083000000, 0x0000000083100000, 0x0000000083100000|100%|HC|  |TAMS 0x0000000083100000, 0x0000000083000000| Complete 
|  49|0x0000000083100000, 0x0000000083200000, 0x0000000083200000|100%|HC|  |TAMS 0x0000000083200000, 0x0000000083100000| Complete 
|  50|0x0000000083200000, 0x0000000083300000, 0x0000000083300000|100%|HC|  |TAMS 0x0000000083300000, 0x0000000083200000| Complete 
|  51|0x0000000083300000, 0x0000000083400000, 0x0000000083400000|100%|HS|  |TAMS 0x0000000083400000, 0x0000000083300000| Complete 
|  52|0x0000000083400000, 0x0000000083500000, 0x0000000083500000|100%| O|  |TAMS 0x0000000083500000, 0x0000000083400000| Untracked 
|  53|0x0000000083500000, 0x0000000083600000, 0x0000000083600000|100%|HS|  |TAMS 0x0000000083600000, 0x0000000083500000| Complete 
|  54|0x0000000083600000, 0x0000000083700000, 0x0000000083700000|100%| O|  |TAMS 0x0000000083700000, 0x0000000083600000| Updating 
|  55|0x0000000083700000, 0x0000000083800000, 0x0000000083800000|100%| O|  |TAMS 0x0000000083800000, 0x0000000083700000| Updating 
|  56|0x0000000083800000, 0x0000000083900000, 0x0000000083900000|100%| O|  |TAMS 0x0000000083900000, 0x0000000083800000| Updating 
|  57|0x0000000083900000, 0x0000000083a00000, 0x0000000083a00000|100%| O|  |TAMS 0x0000000083a00000, 0x0000000083900000| Untracked 
|  58|0x0000000083a00000, 0x0000000083b00000, 0x0000000083b00000|100%| O|  |TAMS 0x0000000083b00000, 0x0000000083a00000| Untracked 
|  59|0x0000000083b00000, 0x0000000083c00000, 0x0000000083c00000|100%| O|  |TAMS 0x0000000083c00000, 0x0000000083b00000| Untracked 
|  60|0x0000000083c00000, 0x0000000083d00000, 0x0000000083d00000|100%| O|  |TAMS 0x0000000083d00000, 0x0000000083c00000| Untracked 
|  61|0x0000000083d00000, 0x0000000083e00000, 0x0000000083e00000|100%| O|  |TAMS 0x0000000083e00000, 0x0000000083d00000| Untracked 
|  62|0x0000000083e00000, 0x0000000083f00000, 0x0000000083f00000|100%| O|  |TAMS 0x0000000083f00000, 0x0000000083e00000| Untracked 
|  63|0x0000000083f00000, 0x0000000084000000, 0x0000000084000000|100%| O|  |TAMS 0x0000000084000000, 0x0000000083f00000| Updating 
|  64|0x0000000084000000, 0x0000000084100000, 0x0000000084100000|100%| O|  |TAMS 0x0000000084100000, 0x0000000084000000| Untracked 
|  65|0x0000000084100000, 0x0000000084200000, 0x0000000084200000|100%|HS|  |TAMS 0x0000000084200000, 0x0000000084100000| Complete 
|  66|0x0000000084200000, 0x0000000084300000, 0x0000000084300000|100%| O|  |TAMS 0x0000000084300000, 0x0000000084200000| Updating 
|  67|0x0000000084300000, 0x0000000084400000, 0x0000000084400000|100%| O|  |TAMS 0x0000000084400000, 0x0000000084300000| Updating 
|  68|0x0000000084400000, 0x0000000084500000, 0x0000000084500000|100%|HS|  |TAMS 0x0000000084500000, 0x0000000084400000| Complete 
|  69|0x0000000084500000, 0x0000000084600000, 0x0000000084600000|100%|HC|  |TAMS 0x0000000084600000, 0x0000000084500000| Complete 
|  70|0x0000000084600000, 0x0000000084700000, 0x0000000084700000|100%|HC|  |TAMS 0x0000000084700000, 0x0000000084600000| Complete 
|  71|0x0000000084700000, 0x0000000084800000, 0x0000000084800000|100%|HC|  |TAMS 0x0000000084800000, 0x0000000084700000| Complete 
|  72|0x0000000084800000, 0x0000000084900000, 0x0000000084900000|100%| O|  |TAMS 0x0000000084900000, 0x0000000084800000| Updating 
|  73|0x0000000084900000, 0x0000000084a00000, 0x0000000084a00000|100%| O|  |TAMS 0x0000000084a00000, 0x0000000084900000| Updating 
|  74|0x0000000084a00000, 0x0000000084b00000, 0x0000000084b00000|100%| O|  |TAMS 0x0000000084b00000, 0x0000000084a00000| Untracked 
|  75|0x0000000084b00000, 0x0000000084c00000, 0x0000000084c00000|100%| O|  |TAMS 0x0000000084c00000, 0x0000000084b00000| Updating 
|  76|0x0000000084c00000, 0x0000000084d00000, 0x0000000084d00000|100%| O|  |TAMS 0x0000000084d00000, 0x0000000084c00000| Updating 
|  77|0x0000000084d00000, 0x0000000084e00000, 0x0000000084e00000|100%| O|  |TAMS 0x0000000084e00000, 0x0000000084d00000| Updating 
|  78|0x0000000084e00000, 0x0000000084f00000, 0x0000000084f00000|100%| O|  |TAMS 0x0000000084f00000, 0x0000000084e00000| Updating 
|  79|0x0000000084f00000, 0x0000000085000000, 0x0000000085000000|100%| O|  |TAMS 0x0000000085000000, 0x0000000084f00000| Updating 
|  80|0x0000000085000000, 0x0000000085100000, 0x0000000085100000|100%| O|  |TAMS 0x0000000085100000, 0x0000000085000000| Updating 
|  81|0x0000000085100000, 0x0000000085200000, 0x0000000085200000|100%| O|  |TAMS 0x0000000085200000, 0x0000000085100000| Updating 
|  82|0x0000000085200000, 0x0000000085300000, 0x0000000085300000|100%| O|  |TAMS 0x0000000085300000, 0x0000000085200000| Updating 
|  83|0x0000000085300000, 0x0000000085400000, 0x0000000085400000|100%| O|  |TAMS 0x0000000085400000, 0x0000000085300000| Updating 
|  84|0x0000000085400000, 0x0000000085500000, 0x0000000085500000|100%| O|  |TAMS 0x0000000085500000, 0x0000000085400000| Updating 
|  85|0x0000000085500000, 0x0000000085600000, 0x0000000085600000|100%| O|  |TAMS 0x0000000085600000, 0x0000000085500000| Updating 
|  86|0x0000000085600000, 0x0000000085700000, 0x0000000085700000|100%| O|  |TAMS 0x0000000085700000, 0x0000000085600000| Updating 
|  87|0x0000000085700000, 0x0000000085800000, 0x0000000085800000|100%| O|  |TAMS 0x0000000085800000, 0x0000000085700000| Updating 
|  88|0x0000000085800000, 0x0000000085900000, 0x0000000085900000|100%| O|  |TAMS 0x0000000085900000, 0x0000000085800000| Updating 
|  89|0x0000000085900000, 0x0000000085a00000, 0x0000000085a00000|100%| O|  |TAMS 0x0000000085a00000, 0x0000000085900000| Updating 
|  90|0x0000000085a00000, 0x0000000085b00000, 0x0000000085b00000|100%| O|  |TAMS 0x0000000085b00000, 0x0000000085a00000| Updating 
|  91|0x0000000085b00000, 0x0000000085c00000, 0x0000000085c00000|100%| O|  |TAMS 0x0000000085c00000, 0x0000000085b00000| Updating 
|  92|0x0000000085c00000, 0x0000000085d00000, 0x0000000085d00000|100%| O|  |TAMS 0x0000000085d00000, 0x0000000085c00000| Updating 
|  93|0x0000000085d00000, 0x0000000085e00000, 0x0000000085e00000|100%| O|  |TAMS 0x0000000085e00000, 0x0000000085d00000| Updating 
|  94|0x0000000085e00000, 0x0000000085f00000, 0x0000000085f00000|100%| O|  |TAMS 0x0000000085f00000, 0x0000000085e00000| Updating 
|  95|0x0000000085f00000, 0x0000000086000000, 0x0000000086000000|100%| O|  |TAMS 0x0000000086000000, 0x0000000085f00000| Updating 
|  96|0x0000000086000000, 0x0000000086100000, 0x0000000086100000|100%| O|  |TAMS 0x0000000086100000, 0x0000000086000000| Updating 
|  97|0x0000000086100000, 0x0000000086200000, 0x0000000086200000|100%| O|  |TAMS 0x0000000086200000, 0x0000000086100000| Updating 
|  98|0x0000000086200000, 0x0000000086300000, 0x0000000086300000|100%| O|  |TAMS 0x0000000086300000, 0x0000000086200000| Updating 
|  99|0x0000000086300000, 0x0000000086400000, 0x0000000086400000|100%| O|  |TAMS 0x0000000086400000, 0x0000000086300000| Updating 
| 100|0x0000000086400000, 0x0000000086500000, 0x0000000086500000|100%| O|  |TAMS 0x0000000086500000, 0x0000000086400000| Updating 
| 101|0x0000000086500000, 0x0000000086600000, 0x0000000086600000|100%| O|  |TAMS 0x0000000086600000, 0x0000000086500000| Updating 
| 102|0x0000000086600000, 0x0000000086700000, 0x0000000086700000|100%| O|  |TAMS 0x0000000086700000, 0x0000000086600000| Updating 
| 103|0x0000000086700000, 0x0000000086800000, 0x0000000086800000|100%| O|  |TAMS 0x0000000086800000, 0x0000000086700000| Updating 
| 104|0x0000000086800000, 0x0000000086900000, 0x0000000086900000|100%| O|  |TAMS 0x0000000086900000, 0x0000000086800000| Untracked 
| 105|0x0000000086900000, 0x0000000086a00000, 0x0000000086a00000|100%| O|  |TAMS 0x0000000086a00000, 0x0000000086900000| Untracked 
| 106|0x0000000086a00000, 0x0000000086b00000, 0x0000000086b00000|100%| O|  |TAMS 0x0000000086b00000, 0x0000000086a00000| Updating 
| 107|0x0000000086b00000, 0x0000000086c00000, 0x0000000086c00000|100%| O|  |TAMS 0x0000000086c00000, 0x0000000086b00000| Updating 
| 108|0x0000000086c00000, 0x0000000086d00000, 0x0000000086d00000|100%| O|  |TAMS 0x0000000086d00000, 0x0000000086c00000| Updating 
| 109|0x0000000086d00000, 0x0000000086e00000, 0x0000000086e00000|100%| O|  |TAMS 0x0000000086e00000, 0x0000000086d00000| Updating 
| 110|0x0000000086e00000, 0x0000000086f00000, 0x0000000086f00000|100%| O|  |TAMS 0x0000000086f00000, 0x0000000086e00000| Updating 
| 111|0x0000000086f00000, 0x0000000087000000, 0x0000000087000000|100%| O|  |TAMS 0x0000000087000000, 0x0000000086f00000| Updating 
| 112|0x0000000087000000, 0x0000000087100000, 0x0000000087100000|100%| O|  |TAMS 0x0000000087100000, 0x0000000087000000| Updating 
| 113|0x0000000087100000, 0x0000000087200000, 0x0000000087200000|100%| O|  |TAMS 0x0000000087200000, 0x0000000087100000| Updating 
| 114|0x0000000087200000, 0x0000000087300000, 0x0000000087300000|100%| O|  |TAMS 0x0000000087300000, 0x0000000087200000| Updating 
| 115|0x0000000087300000, 0x0000000087400000, 0x0000000087400000|100%| O|  |TAMS 0x0000000087400000, 0x0000000087300000| Untracked 
| 116|0x0000000087400000, 0x0000000087500000, 0x0000000087500000|100%| O|  |TAMS 0x0000000087500000, 0x0000000087400000| Untracked 
| 117|0x0000000087500000, 0x0000000087600000, 0x0000000087600000|100%| O|  |TAMS 0x0000000087600000, 0x0000000087500000| Untracked 
| 118|0x0000000087600000, 0x0000000087700000, 0x0000000087700000|100%| O|  |TAMS 0x0000000087700000, 0x0000000087600000| Untracked 
| 119|0x0000000087700000, 0x0000000087800000, 0x0000000087800000|100%| O|  |TAMS 0x0000000087800000, 0x0000000087700000| Untracked 
| 120|0x0000000087800000, 0x0000000087900000, 0x0000000087900000|100%| O|  |TAMS 0x0000000087900000, 0x0000000087800000| Untracked 
| 121|0x0000000087900000, 0x0000000087a00000, 0x0000000087a00000|100%| O|  |TAMS 0x0000000087a00000, 0x0000000087900000| Untracked 
| 122|0x0000000087a00000, 0x0000000087b00000, 0x0000000087b00000|100%| O|  |TAMS 0x0000000087b00000, 0x0000000087a00000| Updating 
| 123|0x0000000087b00000, 0x0000000087c00000, 0x0000000087c00000|100%| O|  |TAMS 0x0000000087c00000, 0x0000000087b00000| Untracked 
| 124|0x0000000087c00000, 0x0000000087d00000, 0x0000000087d00000|100%| O|  |TAMS 0x0000000087c00000, 0x0000000087c00000| Untracked 
| 125|0x0000000087d00000, 0x0000000087e00000, 0x0000000087e00000|100%| O|  |TAMS 0x0000000087d00000, 0x0000000087d00000| Untracked 
| 126|0x0000000087e00000, 0x0000000087f00000, 0x0000000087f00000|100%| O|  |TAMS 0x0000000087e00000, 0x0000000087e00000| Untracked 
| 127|0x0000000087f00000, 0x0000000087fed600, 0x0000000088000000| 92%| O|  |TAMS 0x0000000087f00000, 0x0000000087f00000| Untracked 
| 128|0x0000000088000000, 0x0000000088000000, 0x0000000088100000|  0%| F|  |TAMS 0x0000000088000000, 0x0000000088000000| Untracked 
| 129|0x0000000088100000, 0x0000000088200000, 0x0000000088200000|100%| O|  |TAMS 0x0000000088200000, 0x0000000088100000| Untracked 
| 130|0x0000000088200000, 0x0000000088300000, 0x0000000088300000|100%| O|  |TAMS 0x0000000088300000, 0x0000000088200000| Untracked 
| 131|0x0000000088300000, 0x0000000088400000, 0x0000000088400000|100%| O|  |TAMS 0x00000000883b4c00, 0x0000000088300000| Updating 
| 132|0x0000000088400000, 0x0000000088400000, 0x0000000088500000|  0%| F|  |TAMS 0x0000000088400000, 0x0000000088400000| Untracked 
| 133|0x0000000088500000, 0x0000000088500000, 0x0000000088600000|  0%| F|  |TAMS 0x0000000088500000, 0x0000000088500000| Untracked 
| 134|0x0000000088600000, 0x0000000088600000, 0x0000000088700000|  0%| F|  |TAMS 0x0000000088600000, 0x0000000088600000| Untracked 
| 135|0x0000000088700000, 0x0000000088700000, 0x0000000088800000|  0%| F|  |TAMS 0x0000000088700000, 0x0000000088700000| Untracked 
| 136|0x0000000088800000, 0x0000000088800000, 0x0000000088900000|  0%| F|  |TAMS 0x0000000088800000, 0x0000000088800000| Untracked 
| 137|0x0000000088900000, 0x0000000088900000, 0x0000000088a00000|  0%| F|  |TAMS 0x0000000088900000, 0x0000000088900000| Untracked 
| 138|0x0000000088a00000, 0x0000000088a00000, 0x0000000088b00000|  0%| F|  |TAMS 0x0000000088a00000, 0x0000000088a00000| Untracked 
| 139|0x0000000088b00000, 0x0000000088b00000, 0x0000000088c00000|  0%| F|  |TAMS 0x0000000088b00000, 0x0000000088b00000| Untracked 
| 140|0x0000000088c00000, 0x0000000088c00000, 0x0000000088d00000|  0%| F|  |TAMS 0x0000000088c00000, 0x0000000088c00000| Untracked 
| 141|0x0000000088d00000, 0x0000000088d00000, 0x0000000088e00000|  0%| F|  |TAMS 0x0000000088d00000, 0x0000000088d00000| Untracked 
| 142|0x0000000088e00000, 0x0000000088e00000, 0x0000000088f00000|  0%| F|  |TAMS 0x0000000088e00000, 0x0000000088e00000| Untracked 
| 143|0x0000000088f00000, 0x0000000088f00000, 0x0000000089000000|  0%| F|  |TAMS 0x0000000088f00000, 0x0000000088f00000| Untracked 
| 144|0x0000000089000000, 0x0000000089000000, 0x0000000089100000|  0%| F|  |TAMS 0x0000000089000000, 0x0000000089000000| Untracked 
| 145|0x0000000089100000, 0x0000000089100000, 0x0000000089200000|  0%| F|  |TAMS 0x0000000089100000, 0x0000000089100000| Untracked 
| 146|0x0000000089200000, 0x0000000089200000, 0x0000000089300000|  0%| F|  |TAMS 0x0000000089200000, 0x0000000089200000| Untracked 
| 147|0x0000000089300000, 0x0000000089300000, 0x0000000089400000|  0%| F|  |TAMS 0x0000000089300000, 0x0000000089300000| Untracked 
| 148|0x0000000089400000, 0x0000000089400000, 0x0000000089500000|  0%| F|  |TAMS 0x0000000089400000, 0x0000000089400000| Untracked 
| 149|0x0000000089500000, 0x0000000089500000, 0x0000000089600000|  0%| F|  |TAMS 0x0000000089500000, 0x0000000089500000| Untracked 
| 150|0x0000000089600000, 0x0000000089600000, 0x0000000089700000|  0%| F|  |TAMS 0x0000000089600000, 0x0000000089600000| Untracked 
| 151|0x0000000089700000, 0x0000000089700000, 0x0000000089800000|  0%| F|  |TAMS 0x0000000089700000, 0x0000000089700000| Untracked 
| 152|0x0000000089800000, 0x0000000089800000, 0x0000000089900000|  0%| F|  |TAMS 0x0000000089800000, 0x0000000089800000| Untracked 
| 153|0x0000000089900000, 0x0000000089900000, 0x0000000089a00000|  0%| F|  |TAMS 0x0000000089900000, 0x0000000089900000| Untracked 
| 154|0x0000000089a00000, 0x0000000089a00000, 0x0000000089b00000|  0%| F|  |TAMS 0x0000000089a00000, 0x0000000089a00000| Untracked 
| 155|0x0000000089b00000, 0x0000000089b00000, 0x0000000089c00000|  0%| F|  |TAMS 0x0000000089b00000, 0x0000000089b00000| Untracked 
| 156|0x0000000089c00000, 0x0000000089c00000, 0x0000000089d00000|  0%| F|  |TAMS 0x0000000089c00000, 0x0000000089c00000| Untracked 
| 157|0x0000000089d00000, 0x0000000089d00000, 0x0000000089e00000|  0%| F|  |TAMS 0x0000000089d00000, 0x0000000089d00000| Untracked 
| 158|0x0000000089e00000, 0x0000000089e00000, 0x0000000089f00000|  0%| F|  |TAMS 0x0000000089e00000, 0x0000000089e00000| Untracked 
| 159|0x0000000089f00000, 0x0000000089f00000, 0x000000008a000000|  0%| F|  |TAMS 0x0000000089f00000, 0x0000000089f00000| Untracked 
| 160|0x000000008a000000, 0x000000008a000000, 0x000000008a100000|  0%| F|  |TAMS 0x000000008a000000, 0x000000008a000000| Untracked 
| 161|0x000000008a100000, 0x000000008a100000, 0x000000008a200000|  0%| F|  |TAMS 0x000000008a100000, 0x000000008a100000| Untracked 
| 162|0x000000008a200000, 0x000000008a200000, 0x000000008a300000|  0%| F|  |TAMS 0x000000008a200000, 0x000000008a200000| Untracked 
| 163|0x000000008a300000, 0x000000008a300000, 0x000000008a400000|  0%| F|  |TAMS 0x000000008a300000, 0x000000008a300000| Untracked 
| 164|0x000000008a400000, 0x000000008a400000, 0x000000008a500000|  0%| F|  |TAMS 0x000000008a400000, 0x000000008a400000| Untracked 
| 165|0x000000008a500000, 0x000000008a500000, 0x000000008a600000|  0%| F|  |TAMS 0x000000008a500000, 0x000000008a500000| Untracked 
| 166|0x000000008a600000, 0x000000008a600000, 0x000000008a700000|  0%| F|  |TAMS 0x000000008a600000, 0x000000008a600000| Untracked 
| 167|0x000000008a700000, 0x000000008a700000, 0x000000008a800000|  0%| F|  |TAMS 0x000000008a700000, 0x000000008a700000| Untracked 
| 168|0x000000008a800000, 0x000000008a800000, 0x000000008a900000|  0%| F|  |TAMS 0x000000008a800000, 0x000000008a800000| Untracked 
| 169|0x000000008a900000, 0x000000008a900000, 0x000000008aa00000|  0%| F|  |TAMS 0x000000008a900000, 0x000000008a900000| Untracked 
| 170|0x000000008aa00000, 0x000000008aa00000, 0x000000008ab00000|  0%| F|  |TAMS 0x000000008aa00000, 0x000000008aa00000| Untracked 
| 171|0x000000008ab00000, 0x000000008ab00000, 0x000000008ac00000|  0%| F|  |TAMS 0x000000008ab00000, 0x000000008ab00000| Untracked 
| 172|0x000000008ac00000, 0x000000008ac00000, 0x000000008ad00000|  0%| F|  |TAMS 0x000000008ac00000, 0x000000008ac00000| Untracked 
| 173|0x000000008ad00000, 0x000000008ad00000, 0x000000008ae00000|  0%| F|  |TAMS 0x000000008ad00000, 0x000000008ad00000| Untracked 
| 174|0x000000008ae00000, 0x000000008ae00000, 0x000000008af00000|  0%| F|  |TAMS 0x000000008ae00000, 0x000000008ae00000| Untracked 
| 175|0x000000008af00000, 0x000000008af00000, 0x000000008b000000|  0%| F|  |TAMS 0x000000008af00000, 0x000000008af00000| Untracked 
| 176|0x000000008b000000, 0x000000008b000000, 0x000000008b100000|  0%| F|  |TAMS 0x000000008b000000, 0x000000008b000000| Untracked 
| 177|0x000000008b100000, 0x000000008b100000, 0x000000008b200000|  0%| F|  |TAMS 0x000000008b100000, 0x000000008b100000| Untracked 
| 178|0x000000008b200000, 0x000000008b200000, 0x000000008b300000|  0%| F|  |TAMS 0x000000008b200000, 0x000000008b200000| Untracked 
| 179|0x000000008b300000, 0x000000008b300000, 0x000000008b400000|  0%| F|  |TAMS 0x000000008b300000, 0x000000008b300000| Untracked 
| 180|0x000000008b400000, 0x000000008b400000, 0x000000008b500000|  0%| F|  |TAMS 0x000000008b400000, 0x000000008b400000| Untracked 
| 181|0x000000008b500000, 0x000000008b500000, 0x000000008b600000|  0%| F|  |TAMS 0x000000008b500000, 0x000000008b500000| Untracked 
| 182|0x000000008b600000, 0x000000008b600000, 0x000000008b700000|  0%| F|  |TAMS 0x000000008b600000, 0x000000008b600000| Untracked 
| 183|0x000000008b700000, 0x000000008b700000, 0x000000008b800000|  0%| F|  |TAMS 0x000000008b700000, 0x000000008b700000| Untracked 
| 184|0x000000008b800000, 0x000000008b800000, 0x000000008b900000|  0%| F|  |TAMS 0x000000008b800000, 0x000000008b800000| Untracked 
| 185|0x000000008b900000, 0x000000008b9fc670, 0x000000008ba00000| 98%| S|CS|TAMS 0x000000008b900000, 0x000000008b900000| Complete 
| 186|0x000000008ba00000, 0x000000008baa56e0, 0x000000008bb00000| 64%| E|  |TAMS 0x000000008ba00000, 0x000000008ba00000| Complete 
| 187|0x000000008bb00000, 0x000000008bc00000, 0x000000008bc00000|100%| E|  |TAMS 0x000000008bb00000, 0x000000008bb00000| Complete 
| 188|0x000000008bc00000, 0x000000008bd00000, 0x000000008bd00000|100%| E|CS|TAMS 0x000000008bc00000, 0x000000008bc00000| Complete 
| 189|0x000000008bd00000, 0x000000008be00000, 0x000000008be00000|100%| E|CS|TAMS 0x000000008bd00000, 0x000000008bd00000| Complete 
| 190|0x000000008be00000, 0x000000008bf00000, 0x000000008bf00000|100%| E|CS|TAMS 0x000000008be00000, 0x000000008be00000| Complete 
| 191|0x000000008bf00000, 0x000000008c000000, 0x000000008c000000|100%| E|CS|TAMS 0x000000008bf00000, 0x000000008bf00000| Complete 
| 192|0x000000008c000000, 0x000000008c100000, 0x000000008c100000|100%| E|CS|TAMS 0x000000008c000000, 0x000000008c000000| Complete 
| 193|0x000000008c100000, 0x000000008c200000, 0x000000008c200000|100%| E|CS|TAMS 0x000000008c100000, 0x000000008c100000| Complete 
| 194|0x000000008c200000, 0x000000008c300000, 0x000000008c300000|100%| E|CS|TAMS 0x000000008c200000, 0x000000008c200000| Complete 
| 195|0x000000008c300000, 0x000000008c400000, 0x000000008c400000|100%| E|CS|TAMS 0x000000008c300000, 0x000000008c300000| Complete 
| 196|0x000000008c400000, 0x000000008c500000, 0x000000008c500000|100%| E|CS|TAMS 0x000000008c400000, 0x000000008c400000| Complete 
| 197|0x000000008c500000, 0x000000008c600000, 0x000000008c600000|100%| E|CS|TAMS 0x000000008c500000, 0x000000008c500000| Complete 
| 198|0x000000008c600000, 0x000000008c700000, 0x000000008c700000|100%| E|CS|TAMS 0x000000008c600000, 0x000000008c600000| Complete 
| 199|0x000000008c700000, 0x000000008c800000, 0x000000008c800000|100%| E|CS|TAMS 0x000000008c700000, 0x000000008c700000| Complete 
| 200|0x000000008c800000, 0x000000008c900000, 0x000000008c900000|100%| E|CS|TAMS 0x000000008c800000, 0x000000008c800000| Complete 
| 201|0x000000008c900000, 0x000000008ca00000, 0x000000008ca00000|100%| E|CS|TAMS 0x000000008c900000, 0x000000008c900000| Complete 
| 202|0x000000008ca00000, 0x000000008cb00000, 0x000000008cb00000|100%| E|CS|TAMS 0x000000008ca00000, 0x000000008ca00000| Complete 
| 203|0x000000008cb00000, 0x000000008cc00000, 0x000000008cc00000|100%| E|CS|TAMS 0x000000008cb00000, 0x000000008cb00000| Complete 
| 204|0x000000008cc00000, 0x000000008cd00000, 0x000000008cd00000|100%| E|CS|TAMS 0x000000008cc00000, 0x000000008cc00000| Complete 
| 205|0x000000008cd00000, 0x000000008ce00000, 0x000000008ce00000|100%| E|CS|TAMS 0x000000008cd00000, 0x000000008cd00000| Complete 
|2045|0x00000000ffd00000, 0x00000000ffe00000, 0x00000000ffe00000|100%| O|  |TAMS 0x00000000ffe00000, 0x00000000ffd00000| Updating 
|2046|0x00000000ffe00000, 0x00000000fff00000, 0x00000000fff00000|100%| O|  |TAMS 0x00000000fff00000, 0x00000000ffe00000| Updating 
|2047|0x00000000fff00000, 0x0000000100000000, 0x0000000100000000|100%| O|  |TAMS 0x0000000100000000, 0x00000000fff00000| Updating 

Card table byte_map: [0x00000230ad130000,0x00000230ad530000] _byte_map_base: 0x00000230acd30000

Marking Bits (Prev, Next): (CMBitMap*) 0x0000023098691900, (CMBitMap*) 0x00000230986918c0
 Prev Bits: [0x00000230af930000, 0x00000230b1930000)
 Next Bits: [0x00000230ad930000, 0x00000230af930000)

Polling page: 0x00000230984a0000

Metaspace:

Usage:
  Non-class:     97.74 MB used.
      Class:     15.73 MB used.
       Both:    113.47 MB used.

Virtual space:
  Non-class space:      128.00 MB reserved,      98.19 MB ( 77%) committed,  2 nodes.
      Class space:        1.00 GB reserved,      16.19 MB (  2%) committed,  1 nodes.
             Both:        1.12 GB reserved,     114.38 MB ( 10%) committed. 

Chunk freelists:
   Non-Class:  13.45 MB
       Class:  15.83 MB
        Both:  29.29 MB

MaxMetaspaceSize: unlimited
CompressedClassSpaceSize: 1.00 GB
Initial GC threshold: 21.00 MB
Current GC threshold: 114.38 MB
CDS: off
MetaspaceReclaimPolicy: balanced
 - commit_granule_bytes: 65536.
 - commit_granule_words: 8192.
 - virtual_space_node_default_size: 8388608.
 - enlarge_chunks_in_place: 1.
 - new_chunks_are_fully_committed: 0.
 - uncommit_free_chunks: 1.
 - use_allocation_guard: 0.
 - handle_deallocations: 1.


Internal statistics:

num_allocs_failed_limit: 30.
num_arena_births: 1614.
num_arena_deaths: 14.
num_vsnodes_births: 3.
num_vsnodes_deaths: 0.
num_space_committed: 1829.
num_space_uncommitted: 0.
num_chunks_returned_to_freelist: 49.
num_chunks_taken_from_freelist: 6371.
num_chunk_merges: 37.
num_chunk_splits: 4059.
num_chunks_enlarged: 2505.
num_inconsistent_stats: 0.

CodeHeap 'non-profiled nmethods': size=120000Kb used=8262Kb max_used=8404Kb free=111737Kb
 bounds [0x00000230a4da0000, 0x00000230a55f0000, 0x00000230ac2d0000]
CodeHeap 'profiled nmethods': size=120000Kb used=25775Kb max_used=26545Kb free=94224Kb
 bounds [0x000002309d2d0000, 0x000002309ece0000, 0x00000230a4800000]
CodeHeap 'non-nmethods': size=5760Kb used=1756Kb max_used=1828Kb free=4003Kb
 bounds [0x00000230a4800000, 0x00000230a4a70000, 0x00000230a4da0000]
 total_blobs=14058 nmethods=13200 adapters=769
 compilation: enabled
              stopped_count=0, restarted_count=0
 full_count=0

Compilation events (20 events):
Event: 117.107 Thread 0x00000230b45c6e10 15743       3       com.android.tools.r8.graph.r2::<init> (57 bytes)
Event: 117.107 Thread 0x00000230b45c2bf0 15745       4       com.android.tools.r8.graph.H2::a (113 bytes)
Event: 117.107 Thread 0x00000230b45c6e10 nmethod 15743 0x000002309dd3cd90 code [0x000002309dd3cf60, 0x000002309dd3d338]
Event: 117.107 Thread 0x00000230b45c6e10 15742       3       com.android.tools.r8.graph.E2::n0 (27 bytes)
Event: 117.107 Thread 0x00000230b45c6e10 nmethod 15742 0x000002309d8f7010 code [0x000002309d8f71c0, 0x000002309d8f7358]
Event: 117.107 Thread 0x00000230b45c6e10 15746       3       com.android.tools.r8.graph.B1::a (31 bytes)
Event: 117.107 Thread 0x00000230b45c6e10 nmethod 15746 0x000002309dcc0c90 code [0x000002309dcc0e40, 0x000002309dcc1118]
Event: 117.107 Thread 0x00000230b45c6e10 15747       3       com.android.tools.r8.graph.w2::<init> (45 bytes)
Event: 117.108 Thread 0x00000230b45c6e10 nmethod 15747 0x000002309d6e5290 code [0x000002309d6e54a0, 0x000002309d6e5978]
Event: 117.108 Thread 0x00000230b45c6e10 15744       3       com.android.tools.r8.graph.E2::c (48 bytes)
Event: 117.108 Thread 0x00000230b45c6e10 nmethod 15744 0x000002309d7cbc90 code [0x000002309d7cbea0, 0x000002309d7cc6f8]
Event: 117.108 Thread 0x00000230b45c6e10 15748   !   3       com.android.tools.r8.graph.H2::u0 (11 bytes)
Event: 117.108 Thread 0x00000230b45c6e10 nmethod 15748 0x000002309dd0d290 code [0x000002309dd0d440, 0x000002309dd0d5f8]
Event: 117.108 Thread 0x00000230b45c6e10 15750       3       com.android.tools.r8.graph.B1::a (30 bytes)
Event: 117.108 Thread 0x00000230b45c6e10 nmethod 15750 0x000002309e4ab190 code [0x000002309e4ab3a0, 0x000002309e4aba98]
Event: 117.125 Thread 0x00000230b45c2bf0 nmethod 15745 0x00000230a5031790 code [0x00000230a5031920, 0x00000230a50323d8]
Event: 117.125 Thread 0x00000230b45c2bf0 15749       4       com.android.tools.r8.graph.E::hashCode (40 bytes)
Event: 117.126 Thread 0x00000230b45c2bf0 nmethod 15749 0x00000230a5200010 code [0x00000230a5200180, 0x00000230a5200238]
Event: 117.142 Thread 0x00000230b45c2bf0 15751       4       java.util.zip.ZipUtils::get32 (23 bytes)
Event: 117.143 Thread 0x00000230b45c2bf0 nmethod 15751 0x00000230a539c510 code [0x00000230a539c680, 0x00000230a539c778]

GC Heap History (20 events):
Event: 12.927 GC heap before
{Heap before GC invocations=43 (full 0):
 garbage-first heap   total 178176K, used 146784K [0x0000000080000000, 0x0000000100000000)
  region size 1024K, 43 young (44032K), 4 survivors (4096K)
 Metaspace       used 101871K, committed 102592K, reserved 1179648K
  class space    used 14246K, committed 14592K, reserved 1048576K
}
Event: 12.931 GC heap after
{Heap after GC invocations=44 (full 0):
 garbage-first heap   total 178176K, used 110159K [0x0000000080000000, 0x0000000100000000)
  region size 1024K, 5 young (5120K), 5 survivors (5120K)
 Metaspace       used 101871K, committed 102592K, reserved 1179648K
  class space    used 14246K, committed 14592K, reserved 1048576K
}
Event: 13.131 GC heap before
{Heap before GC invocations=44 (full 0):
 garbage-first heap   total 178176K, used 147023K [0x0000000080000000, 0x0000000100000000)
  region size 1024K, 42 young (43008K), 5 survivors (5120K)
 Metaspace       used 102147K, committed 102912K, reserved 1179648K
  class space    used 14278K, committed 14592K, reserved 1048576K
}
Event: 13.136 GC heap after
{Heap after GC invocations=45 (full 0):
 garbage-first heap   total 214016K, used 111926K [0x0000000080000000, 0x0000000100000000)
  region size 1024K, 5 young (5120K), 5 survivors (5120K)
 Metaspace       used 102147K, committed 102912K, reserved 1179648K
  class space    used 14278K, committed 14592K, reserved 1048576K
}
Event: 14.137 GC heap before
{Heap before GC invocations=45 (full 0):
 garbage-first heap   total 214016K, used 174390K [0x0000000080000000, 0x0000000100000000)
  region size 1024K, 67 young (68608K), 5 survivors (5120K)
 Metaspace       used 105254K, committed 105984K, reserved 1179648K
  class space    used 14678K, committed 15040K, reserved 1048576K
}
Event: 14.146 GC heap after
{Heap after GC invocations=46 (full 0):
 garbage-first heap   total 214016K, used 115730K [0x0000000080000000, 0x0000000100000000)
  region size 1024K, 9 young (9216K), 9 survivors (9216K)
 Metaspace       used 105254K, committed 105984K, reserved 1179648K
  class space    used 14678K, committed 15040K, reserved 1048576K
}
Event: 14.395 GC heap before
{Heap before GC invocations=46 (full 0):
 garbage-first heap   total 214016K, used 174098K [0x0000000080000000, 0x0000000100000000)
  region size 1024K, 67 young (68608K), 9 survivors (9216K)
 Metaspace       used 106168K, committed 106880K, reserved 1179648K
  class space    used 14822K, committed 15168K, reserved 1048576K
}
Event: 14.402 GC heap after
{Heap after GC invocations=47 (full 0):
 garbage-first heap   total 214016K, used 117603K [0x0000000080000000, 0x0000000100000000)
  region size 1024K, 5 young (5120K), 5 survivors (5120K)
 Metaspace       used 106168K, committed 106880K, reserved 1179648K
  class space    used 14822K, committed 15168K, reserved 1048576K
}
Event: 15.682 GC heap before
{Heap before GC invocations=47 (full 0):
 garbage-first heap   total 214016K, used 174947K [0x0000000080000000, 0x0000000100000000)
  region size 1024K, 62 young (63488K), 5 survivors (5120K)
 Metaspace       used 106610K, committed 107456K, reserved 1179648K
  class space    used 14880K, committed 15296K, reserved 1048576K
}
Event: 15.685 GC heap after
{Heap after GC invocations=48 (full 0):
 garbage-first heap   total 214016K, used 118200K [0x0000000080000000, 0x0000000100000000)
  region size 1024K, 6 young (6144K), 6 survivors (6144K)
 Metaspace       used 106610K, committed 107456K, reserved 1179648K
  class space    used 14880K, committed 15296K, reserved 1048576K
}
Event: 107.760 GC heap before
{Heap before GC invocations=48 (full 0):
 garbage-first heap   total 214016K, used 174520K [0x0000000080000000, 0x0000000100000000)
  region size 1024K, 62 young (63488K), 6 survivors (6144K)
 Metaspace       used 108007K, committed 108928K, reserved 1179648K
  class space    used 15073K, committed 15488K, reserved 1048576K
}
Event: 107.820 GC heap after
{Heap after GC invocations=49 (full 0):
 garbage-first heap   total 214016K, used 122376K [0x0000000080000000, 0x0000000100000000)
  region size 1024K, 8 young (8192K), 8 survivors (8192K)
 Metaspace       used 108007K, committed 108928K, reserved 1179648K
  class space    used 15073K, committed 15488K, reserved 1048576K
}
Event: 109.027 GC heap before
{Heap before GC invocations=49 (full 0):
 garbage-first heap   total 214016K, used 176648K [0x0000000080000000, 0x0000000100000000)
  region size 1024K, 62 young (63488K), 8 survivors (8192K)
 Metaspace       used 108575K, committed 109440K, reserved 1179648K
  class space    used 15097K, committed 15552K, reserved 1048576K
}
Event: 109.050 GC heap after
{Heap after GC invocations=50 (full 0):
 garbage-first heap   total 214016K, used 128690K [0x0000000080000000, 0x0000000100000000)
  region size 1024K, 8 young (8192K), 8 survivors (8192K)
 Metaspace       used 108575K, committed 109440K, reserved 1179648K
  class space    used 15097K, committed 15552K, reserved 1048576K
}
Event: 115.788 GC heap before
{Heap before GC invocations=50 (full 0):
 garbage-first heap   total 214016K, used 175794K [0x0000000080000000, 0x0000000100000000)
  region size 1024K, 55 young (56320K), 8 survivors (8192K)
 Metaspace       used 109493K, committed 110400K, reserved 1179648K
  class space    used 15229K, committed 15680K, reserved 1048576K
}
Event: 115.805 GC heap after
{Heap after GC invocations=51 (full 0):
 garbage-first heap   total 214016K, used 133185K [0x0000000080000000, 0x0000000100000000)
  region size 1024K, 4 young (4096K), 4 survivors (4096K)
 Metaspace       used 109493K, committed 110400K, reserved 1179648K
  class space    used 15229K, committed 15680K, reserved 1048576K
}
Event: 116.375 GC heap before
{Heap before GC invocations=51 (full 0):
 garbage-first heap   total 214016K, used 182337K [0x0000000080000000, 0x0000000100000000)
  region size 1024K, 48 young (49152K), 4 survivors (4096K)
 Metaspace       used 111542K, committed 112512K, reserved 1179648K
  class space    used 15435K, committed 15936K, reserved 1048576K
}
Event: 116.384 GC heap after
{Heap after GC invocations=52 (full 0):
 garbage-first heap   total 214016K, used 137131K [0x0000000080000000, 0x0000000100000000)
  region size 1024K, 5 young (5120K), 5 survivors (5120K)
 Metaspace       used 111542K, committed 112512K, reserved 1179648K
  class space    used 15435K, committed 15936K, reserved 1048576K
}
Event: 116.778 GC heap before
{Heap before GC invocations=52 (full 0):
 garbage-first heap   total 214016K, used 155563K [0x0000000080000000, 0x0000000100000000)
  region size 1024K, 25 young (25600K), 5 survivors (5120K)
 Metaspace       used 113654K, committed 114560K, reserved 1179648K
  class space    used 15722K, committed 16192K, reserved 1048576K
}
Event: 116.788 GC heap after
{Heap after GC invocations=53 (full 0):
 garbage-first heap   total 214016K, used 138151K [0x0000000080000000, 0x0000000100000000)
  region size 1024K, 1 young (1024K), 1 survivors (1024K)
 Metaspace       used 113654K, committed 114560K, reserved 1179648K
  class space    used 15722K, committed 16192K, reserved 1048576K
}

Dll operation events (3 events):
Event: 0.009 Loaded shared library C:\Program Files\Android\Android Studio\jbr\bin\java.dll
Event: 0.168 Loaded shared library C:\Program Files\Android\Android Studio\jbr\bin\zip.dll
Event: 0.428 Loaded shared library C:\Program Files\Android\Android Studio\jbr\bin\verify.dll

Deoptimization events (20 events):
Event: 116.351 Thread 0x00000230bd000600 Uncommon trap: trap_request=0xffffffc6 fr.pc=0x00000230a550c000 relative=0x00000000000001e0
Event: 116.351 Thread 0x00000230bd000600 Uncommon trap: reason=bimorphic_or_optimized_type_check action=maybe_recompile pc=0x00000230a550c000 method=java.util.stream.AbstractPipeline.close()V @ 42 c2
Event: 116.351 Thread 0x00000230bd000600 DEOPT PACKING pc=0x00000230a550c000 sp=0x00000088e39fe010
Event: 116.351 Thread 0x00000230bd000600 DEOPT UNPACKING pc=0x00000230a48569a3 sp=0x00000088e39fdfb8 mode 2
Event: 116.356 Thread 0x00000230bcffe7a0 Uncommon trap: trap_request=0xffffffc6 fr.pc=0x00000230a550c000 relative=0x00000000000001e0
Event: 116.356 Thread 0x00000230bcffe7a0 Uncommon trap: reason=bimorphic_or_optimized_type_check action=maybe_recompile pc=0x00000230a550c000 method=java.util.stream.AbstractPipeline.close()V @ 42 c2
Event: 116.356 Thread 0x00000230bcffe7a0 DEOPT PACKING pc=0x00000230a550c000 sp=0x00000088e3efdfc0
Event: 116.356 Thread 0x00000230bcffe7a0 DEOPT UNPACKING pc=0x00000230a48569a3 sp=0x00000088e3efdf68 mode 2
Event: 116.611 Thread 0x00000230bcffd360 Uncommon trap: trap_request=0xffffff45 fr.pc=0x00000230a5007a14 relative=0x0000000000000114
Event: 116.611 Thread 0x00000230bcffd360 Uncommon trap: reason=unstable_if action=reinterpret pc=0x00000230a5007a14 method=jdk.internal.org.objectweb.asm.ByteVector.putInt(I)Ljdk/internal/org/objectweb/asm/ByteVector; @ 13 c2
Event: 116.611 Thread 0x00000230bcffd360 DEOPT PACKING pc=0x00000230a5007a14 sp=0x00000088e3bfbe90
Event: 116.611 Thread 0x00000230bcffd360 DEOPT UNPACKING pc=0x00000230a48569a3 sp=0x00000088e3bfbe28 mode 2
Event: 116.622 Thread 0x00000230bcffd360 Uncommon trap: trap_request=0xffffff45 fr.pc=0x00000230a527f284 relative=0x00000000000003e4
Event: 116.622 Thread 0x00000230bcffd360 Uncommon trap: reason=unstable_if action=reinterpret pc=0x00000230a527f284 method=java.util.stream.StreamOpFlag.getMask(I)I @ 1 c2
Event: 116.622 Thread 0x00000230bcffd360 DEOPT PACKING pc=0x00000230a527f284 sp=0x00000088e3bfd1f0
Event: 116.622 Thread 0x00000230bcffd360 DEOPT UNPACKING pc=0x00000230a48569a3 sp=0x00000088e3bfd0e0 mode 2
Event: 116.873 Thread 0x00000230bcffd360 Uncommon trap: trap_request=0xffffff45 fr.pc=0x00000230a535e8f8 relative=0x0000000000000078
Event: 116.873 Thread 0x00000230bcffd360 Uncommon trap: reason=unstable_if action=reinterpret pc=0x00000230a535e8f8 method=com.android.tools.r8.graph.H2.a(C[BI)I @ 1 c2
Event: 116.873 Thread 0x00000230bcffd360 DEOPT PACKING pc=0x00000230a535e8f8 sp=0x00000088e3bfc630
Event: 116.873 Thread 0x00000230bcffd360 DEOPT UNPACKING pc=0x00000230a48569a3 sp=0x00000088e3bfc5b8 mode 2

Classes unloaded (7 events):
Event: 117.156 Thread 0x00000230b443be20 Unloading class 0x0000000100e21c00 'java/lang/invoke/LambdaForm$DMH+0x0000000100e21c00'
Event: 117.156 Thread 0x00000230b443be20 Unloading class 0x0000000100e21800 'java/lang/invoke/LambdaForm$DMH+0x0000000100e21800'
Event: 117.156 Thread 0x00000230b443be20 Unloading class 0x0000000100e21400 'java/lang/invoke/LambdaForm$DMH+0x0000000100e21400'
Event: 117.156 Thread 0x00000230b443be20 Unloading class 0x0000000100e21000 'java/lang/invoke/LambdaForm$DMH+0x0000000100e21000'
Event: 117.156 Thread 0x00000230b443be20 Unloading class 0x0000000100e20c00 'java/lang/invoke/LambdaForm$DMH+0x0000000100e20c00'
Event: 117.156 Thread 0x00000230b443be20 Unloading class 0x0000000100e20800 'java/lang/invoke/LambdaForm$DMH+0x0000000100e20800'
Event: 117.156 Thread 0x00000230b443be20 Unloading class 0x0000000100e20000 'java/lang/invoke/LambdaForm$DMH+0x0000000100e20000'

Classes redefined (0 events):
No events

Internal exceptions (20 events):
Event: 110.253 Thread 0x00000230bbad7070 Exception <a 'java/net/ConnectException'{0x000000008a929cf0}: Connection refused: connect> (0x000000008a929cf0) 
thrown [s\src\hotspot\share\prims\jni.cpp, line 536]
Event: 110.253 Thread 0x00000230bbad7070 Exception <a 'java/net/SocketException'{0x000000008a92a578}: Socket is not connected: shutdown> (0x000000008a92a578) 
thrown [s\src\hotspot\share\prims\jni.cpp, line 536]
Event: 110.340 Thread 0x00000230bbad7070 Exception <a 'java/lang/NoSuchMethodError'{0x000000008a805588}: static Lorg/jetbrains/kotlin/daemon/common/LoopbackNetworkInterface$AbstractClientLoopbackSocketFactory;.<clinit>()V> (0x000000008a805588) 
thrown [s\src\hotspot\share\prims\jni.cpp, line 1108]
Event: 110.340 Thread 0x00000230bbad7070 Exception <a 'java/lang/NoSuchMethodError'{0x000000008a811610}: static Lorg/jetbrains/kotlin/daemon/common/LoopbackNetworkInterface$ClientLoopbackSocketFactory;.<clinit>()V> (0x000000008a811610) 
thrown [s\src\hotspot\share\prims\jni.cpp, line 1108]
Event: 110.355 Thread 0x00000230bbad7070 Exception <a 'java/lang/NoSuchMethodError'{0x000000008a881b18}: static [Ljava/rmi/server/ObjID;.<clinit>()V> (0x000000008a881b18) 
thrown [s\src\hotspot\share\prims\jni.cpp, line 1108]
Event: 110.357 Thread 0x00000230bbad7070 Exception <a 'java/lang/NoSuchMethodError'{0x000000008a8a6020}: static [B.<clinit>()V> (0x000000008a8a6020) 
thrown [s\src\hotspot\share\prims\jni.cpp, line 1108]
Event: 110.362 Thread 0x00000230bbad8ed0 Exception <a 'java/lang/InterruptedException'{0x000000008a8b2bb0}> (0x000000008a8b2bb0) 
thrown [s\src\hotspot\share\runtime\objectMonitor.cpp, line 1658]
Event: 110.364 Thread 0x00000230bbad8ed0 Exception <a 'java/lang/NoSuchMethodError'{0x000000008a8c28b0}: 'java.lang.Object java.lang.invoke.DirectMethodHandle$Holder.newInvokeSpecial(java.lang.Object, java.lang.Object, int, java.lang.Object, long)'> (0x000000008a8c28b0) 
thrown [s\src\hotspot\share\interpreter\linkResolver.cpp, line 771]
Event: 110.376 Thread 0x00000230bbad7070 Exception <a 'java/lang/NoSuchMethodError'{0x000000008a705d00}: static Lorg/jetbrains/kotlin/daemon/common/CompileService$CallResult;.<clinit>()V> (0x000000008a705d00) 
thrown [s\src\hotspot\share\prims\jni.cpp, line 1108]
Event: 110.376 Thread 0x00000230bbad7070 Exception <a 'java/lang/NoSuchMethodError'{0x000000008a712110}: static Lorg/jetbrains/kotlin/daemon/common/CompileService$CallResult$Good;.<clinit>()V> (0x000000008a712110) 
thrown [s\src\hotspot\share\prims\jni.cpp, line 1108]
Event: 110.377 Thread 0x00000230bbad7070 Exception <a 'java/lang/NoSuchMethodError'{0x000000008a71f8b8}: static Lorg/jetbrains/kotlin/daemon/common/DaemonJVMOptions;.<clinit>()V> (0x000000008a71f8b8) 
thrown [s\src\hotspot\share\prims\jni.cpp, line 1108]
Event: 110.382 Thread 0x00000230bbad7070 Exception <a 'java/lang/NoSuchMethodError'{0x000000008a73ad88}: static Lorg/jetbrains/kotlin/daemon/common/CompileService$CallResult$Ok;.<clinit>()V> (0x000000008a73ad88) 
thrown [s\src\hotspot\share\prims\jni.cpp, line 1108]
Event: 110.419 Thread 0x00000230bbad7070 Exception <a 'java/lang/NoSuchMethodError'{0x000000008a6c8d30}: static [Ljava/lang/Integer;.<clinit>()V> (0x000000008a6c8d30) 
thrown [s\src\hotspot\share\prims\jni.cpp, line 1108]
Event: 115.760 Thread 0x00000230bb026bc0 Exception <a 'sun/nio/fs/WindowsException'{0x000000008a0221a8}> (0x000000008a0221a8) 
thrown [s\src\hotspot\share\prims\jni.cpp, line 517]
Event: 115.761 Thread 0x00000230bb026bc0 Exception <a 'sun/nio/fs/WindowsException'{0x000000008a024500}> (0x000000008a024500) 
thrown [s\src\hotspot\share\prims\jni.cpp, line 517]
Event: 115.761 Thread 0x00000230bb026bc0 Exception <a 'sun/nio/fs/WindowsException'{0x000000008a026438}> (0x000000008a026438) 
thrown [s\src\hotspot\share\prims\jni.cpp, line 517]
Event: 116.194 Thread 0x00000230bb025780 Exception <a 'java/lang/NoSuchMethodError'{0x000000008b1c2198}: static Lcom/android/build/gradle/internal/tasks/DexArchiveBuilderTaskDelegate$ClasspathServiceKey;.<clinit>()V> (0x000000008b1c2198) 
thrown [s\src\hotspot\share\prims\jni.cpp, line 1108]
Event: 116.411 Thread 0x00000230bcffd360 Exception <a 'sun/nio/fs/WindowsException'{0x000000008c9d3480}> (0x000000008c9d3480) 
thrown [s\src\hotspot\share\prims\jni.cpp, line 517]
Event: 116.800 Thread 0x00000230bcffd360 Exception <a 'java/lang/NoSuchMethodError'{0x000000008cda1f28}: 'java.lang.Object java.lang.invoke.DirectMethodHandle$Holder.invokeStaticInit(java.lang.Object, java.lang.Object, java.lang.Object, java.lang.Object, java.lang.Object, java.lang.Object, java.lang.Object, java.lang.Object, java.lang.Object, java.lang.Object, java.lang.Object, java.lang.Object, java.lang.Object, java.lang.Object, java.lang.Object, java.lang.Object, java.lang.Object, java.lang.Object, java.lang.Object, java.lang.Object, int, java
Event: 116.849 Thread 0x00000230bcffd360 Exception <a 'java/lang/IncompatibleClassChangeError'{0x000000008cba79f0}: Found class java.lang.Object, but interface was expected> (0x000000008cba79f0) 
thrown [s\src\hotspot\share\interpreter\linkResolver.cpp, line 838]

VM Operations (20 events):
Event: 116.789 Executing VM operation: CollectForMetadataAllocation done
Event: 116.813 Executing VM operation: HandshakeAllThreads
Event: 116.813 Executing VM operation: HandshakeAllThreads done
Event: 116.847 Executing VM operation: CollectForMetadataAllocation
Event: 116.848 Executing VM operation: CollectForMetadataAllocation done
Event: 116.892 Executing VM operation: CollectForMetadataAllocation
Event: 116.893 Executing VM operation: CollectForMetadataAllocation done
Event: 116.902 Executing VM operation: HandshakeAllThreads
Event: 116.902 Executing VM operation: HandshakeAllThreads done
Event: 116.946 Executing VM operation: CollectForMetadataAllocation
Event: 116.948 Executing VM operation: CollectForMetadataAllocation done
Event: 116.984 Executing VM operation: CollectForMetadataAllocation
Event: 116.986 Executing VM operation: CollectForMetadataAllocation done
Event: 117.026 Executing VM operation: CollectForMetadataAllocation
Event: 117.033 Executing VM operation: CollectForMetadataAllocation done
Event: 117.075 Executing VM operation: CollectForMetadataAllocation
Event: 117.076 Executing VM operation: CollectForMetadataAllocation done
Event: 117.123 Executing VM operation: CollectForMetadataAllocation
Event: 117.123 Executing VM operation: CollectForMetadataAllocation done
Event: 117.155 Executing VM operation: G1PauseRemark

Events (20 events):
Event: 116.909 Thread 0x00000230b45d1740 flushing nmethod 0x000002309d8f7010
Event: 116.910 Thread 0x00000230b45d1740 flushing nmethod 0x000002309db54910
Event: 116.910 Thread 0x00000230b45d1740 flushing nmethod 0x000002309dbaa010
Event: 116.911 Thread 0x00000230b45d1740 flushing nmethod 0x000002309dc93810
Event: 116.911 Thread 0x00000230b45d1740 flushing nmethod 0x000002309dc93e10
Event: 116.911 Thread 0x00000230b45d1740 flushing nmethod 0x000002309dca3a90
Event: 116.911 Thread 0x00000230b45d1740 flushing nmethod 0x000002309dca5a90
Event: 116.911 Thread 0x00000230b45d1740 flushing nmethod 0x000002309dca6110
Event: 116.911 Thread 0x00000230b45d1740 flushing nmethod 0x000002309dcc0c90
Event: 116.911 Thread 0x00000230b45d1740 flushing nmethod 0x000002309dcfae90
Event: 116.911 Thread 0x00000230b45d1740 flushing nmethod 0x000002309dd0d290
Event: 116.911 Thread 0x00000230b45d1740 flushing nmethod 0x000002309dd2ab90
Event: 116.911 Thread 0x00000230b45d1740 flushing nmethod 0x000002309dd3cd90
Event: 116.911 Thread 0x00000230b45d1740 flushing nmethod 0x000002309dd56590
Event: 116.912 Thread 0x00000230b45d1740 flushing nmethod 0x000002309dd5db90
Event: 116.912 Thread 0x00000230b45d1740 flushing nmethod 0x000002309dd92010
Event: 116.912 Thread 0x00000230b45d1740 flushing nmethod 0x000002309dd93210
Event: 116.912 Thread 0x00000230b45d1740 flushing nmethod 0x000002309dd99310
Event: 116.916 Thread 0x00000230b45d1740 flushing nmethod 0x000002309e2fb310
Event: 116.921 Thread 0x00000230b45d1740 flushing nmethod 0x000002309ea43d10


Dynamic libraries:
0x00007ff6da730000 - 0x00007ff6da73a000 	C:\Program Files\Android\Android Studio\jbr\bin\java.exe
0x00007fff96350000 - 0x00007fff96548000 	C:\WINDOWS\SYSTEM32\ntdll.dll
0x00007fff95740000 - 0x00007fff95802000 	C:\WINDOWS\System32\KERNEL32.DLL
0x00007fff93b30000 - 0x00007fff93e26000 	C:\WINDOWS\System32\KERNELBASE.dll
0x00007fff93e60000 - 0x00007fff93f60000 	C:\WINDOWS\System32\ucrtbase.dll
0x00007fff5fc70000 - 0x00007fff5fc87000 	C:\Program Files\Android\Android Studio\jbr\bin\jli.dll
0x00007fff8cb50000 - 0x00007fff8cb6b000 	C:\Program Files\Android\Android Studio\jbr\bin\VCRUNTIME140.dll
0x00007fff94880000 - 0x00007fff94a21000 	C:\WINDOWS\System32\USER32.dll
0x00007fff93e30000 - 0x00007fff93e52000 	C:\WINDOWS\System32\win32u.dll
0x00007fff7be80000 - 0x00007fff7c11b000 	C:\WINDOWS\WinSxS\amd64_microsoft.windows.common-controls_6595b64144ccf1df_6.0.19041.6456_none_60b8a6cb71f64256\COMCTL32.dll
0x00007fff961a0000 - 0x00007fff961cb000 	C:\WINDOWS\System32\GDI32.dll
0x00007fff950b0000 - 0x00007fff9514e000 	C:\WINDOWS\System32\msvcrt.dll
0x00007fff939e0000 - 0x00007fff93af9000 	C:\WINDOWS\System32\gdi32full.dll
0x00007fff93f60000 - 0x00007fff93ffd000 	C:\WINDOWS\System32\msvcp_win.dll
0x00007fff962e0000 - 0x00007fff9630f000 	C:\WINDOWS\System32\IMM32.DLL
0x00007fff8fac0000 - 0x00007fff8facc000 	C:\Program Files\Android\Android Studio\jbr\bin\vcruntime140_1.dll
0x00007fff79ef0000 - 0x00007fff79f7d000 	C:\Program Files\Android\Android Studio\jbr\bin\msvcp140.dll
0x00007fff05330000 - 0x00007fff05fb3000 	C:\Program Files\Android\Android Studio\jbr\bin\server\jvm.dll
0x00007fff952c0000 - 0x00007fff95371000 	C:\WINDOWS\System32\ADVAPI32.dll
0x00007fff961d0000 - 0x00007fff9626f000 	C:\WINDOWS\System32\sechost.dll
0x00007fff94520000 - 0x00007fff94640000 	C:\WINDOWS\System32\RPCRT4.dll
0x00007fff93b00000 - 0x00007fff93b27000 	C:\WINDOWS\System32\bcrypt.dll
0x00007fff92f20000 - 0x00007fff92f6b000 	C:\WINDOWS\SYSTEM32\POWRPROF.dll
0x00007fff8c0e0000 - 0x00007fff8c0e9000 	C:\WINDOWS\SYSTEM32\WSOCK32.dll
0x00007fff87d70000 - 0x00007fff87d97000 	C:\WINDOWS\SYSTEM32\WINMM.dll
0x00007fff96270000 - 0x00007fff962db000 	C:\WINDOWS\System32\WS2_32.dll
0x00007fff89220000 - 0x00007fff8922a000 	C:\WINDOWS\SYSTEM32\VERSION.dll
0x00007fff92de0000 - 0x00007fff92df2000 	C:\WINDOWS\SYSTEM32\UMPDC.dll
0x00007fff917f0000 - 0x00007fff91802000 	C:\WINDOWS\SYSTEM32\kernel.appcore.dll
0x00007fff8cb00000 - 0x00007fff8cb0a000 	C:\Program Files\Android\Android Studio\jbr\bin\jimage.dll
0x00007fff91060000 - 0x00007fff91261000 	C:\WINDOWS\SYSTEM32\DBGHELP.DLL
0x00007fff88ec0000 - 0x00007fff88ef4000 	C:\WINDOWS\SYSTEM32\dbgcore.DLL
0x00007fff94130000 - 0x00007fff941b2000 	C:\WINDOWS\System32\bcryptPrimitives.dll
0x00007fff89400000 - 0x00007fff8940e000 	C:\Program Files\Android\Android Studio\jbr\bin\instrument.dll
0x00007fff5f6b0000 - 0x00007fff5f6d5000 	C:\Program Files\Android\Android Studio\jbr\bin\java.dll
0x00007fff72a20000 - 0x00007fff72a38000 	C:\Program Files\Android\Android Studio\jbr\bin\zip.dll
0x00007fff95a30000 - 0x00007fff961a0000 	C:\WINDOWS\System32\SHELL32.dll
0x00007fff91a10000 - 0x00007fff921b5000 	C:\WINDOWS\SYSTEM32\windows.storage.dll
0x00007fff95380000 - 0x00007fff956d4000 	C:\WINDOWS\System32\combase.dll
0x00007fff93410000 - 0x00007fff9343b000 	C:\WINDOWS\SYSTEM32\Wldp.dll
0x00007fff94ea0000 - 0x00007fff94f6d000 	C:\WINDOWS\System32\OLEAUT32.dll
0x00007fff951b0000 - 0x00007fff9525d000 	C:\WINDOWS\System32\SHCORE.dll
0x00007fff956e0000 - 0x00007fff9573b000 	C:\WINDOWS\System32\shlwapi.dll
0x00007fff93910000 - 0x00007fff93934000 	C:\WINDOWS\SYSTEM32\profapi.dll
0x00007fff64ce0000 - 0x00007fff64cf9000 	C:\Program Files\Android\Android Studio\jbr\bin\net.dll
0x00007fff8fdf0000 - 0x00007fff8fefa000 	C:\WINDOWS\SYSTEM32\WINHTTP.dll
0x00007fff93170000 - 0x00007fff931da000 	C:\WINDOWS\system32\mswsock.dll
0x00007fff60a50000 - 0x00007fff60a66000 	C:\Program Files\Android\Android Studio\jbr\bin\nio.dll
0x00007fff89490000 - 0x00007fff894a0000 	C:\Program Files\Android\Android Studio\jbr\bin\verify.dll
0x00007fff8bad0000 - 0x00007fff8baf7000 	C:\Users\aman2\.gradle\native\c067742578af261105cb4f569cf0c3c89f3d7b1fecec35dd04571415982c5e48\windows-amd64\native-platform.dll
0x00007fff31ae0000 - 0x00007fff31c24000 	C:\Users\aman2\.gradle\native\38dada09dfb8b06ba9b0570ebf7e218e3eb74d4ef43ca46872605cf95ebc2f47\windows-amd64\native-platform-file-events.dll
0x00007fff8bee0000 - 0x00007fff8bee9000 	C:\Program Files\Android\Android Studio\jbr\bin\management.dll
0x00007fff8afb0000 - 0x00007fff8afbb000 	C:\Program Files\Android\Android Studio\jbr\bin\management_ext.dll
0x00007fff94f70000 - 0x00007fff94f78000 	C:\WINDOWS\System32\PSAPI.DLL
0x00007fff93360000 - 0x00007fff93378000 	C:\WINDOWS\SYSTEM32\CRYPTSP.dll
0x00007fff929f0000 - 0x00007fff92a28000 	C:\WINDOWS\system32\rsaenh.dll
0x00007fff938d0000 - 0x00007fff938fe000 	C:\WINDOWS\SYSTEM32\USERENV.dll
0x00007fff93380000 - 0x00007fff9338c000 	C:\WINDOWS\SYSTEM32\CRYPTBASE.dll
0x00007fff92e00000 - 0x00007fff92e3b000 	C:\WINDOWS\SYSTEM32\IPHLPAPI.DLL
0x00007fff95810000 - 0x00007fff95818000 	C:\WINDOWS\System32\NSI.dll
0x00007fff8c220000 - 0x00007fff8c237000 	C:\WINDOWS\SYSTEM32\dhcpcsvc6.DLL
0x00007fff8c990000 - 0x00007fff8c9ad000 	C:\WINDOWS\SYSTEM32\dhcpcsvc.DLL
0x00007fff92e40000 - 0x00007fff92f0a000 	C:\WINDOWS\SYSTEM32\DNSAPI.dll
0x00007fff8c0d0000 - 0x00007fff8c0d9000 	C:\Program Files\Android\Android Studio\jbr\bin\extnet.dll
0x00007fff7aa90000 - 0x00007fff7aa97000 	C:\WINDOWS\system32\wshunix.dll
0x00007fff8f160000 - 0x00007fff8f177000 	C:\WINDOWS\system32\napinsp.dll
0x00007fff8f120000 - 0x00007fff8f13b000 	C:\WINDOWS\system32\pnrpnsp.dll
0x00007fff90630000 - 0x00007fff9064d000 	C:\WINDOWS\system32\wshbth.dll
0x00007fff8fdd0000 - 0x00007fff8fded000 	C:\WINDOWS\system32\NLAapi.dll
0x00007fff8f0e0000 - 0x00007fff8f0f2000 	C:\WINDOWS\System32\winrnr.dll
0x00007fff8aed0000 - 0x00007fff8aeda000 	C:\Windows\System32\rasadhlp.dll
0x00007fff8aac0000 - 0x00007fff8ab40000 	C:\WINDOWS\System32\fwpuclnt.dll
0x00007fff8cb80000 - 0x00007fff8cb9e000 	C:\Users\aman2\AppData\Local\Temp\native-platform224286716406748390dir\native-platform.dll
0x00007fff8f250000 - 0x00007fff8f257000 	C:\Program Files\Android\Android Studio\jbr\bin\rmi.dll

dbghelp: loaded successfully - version: 4.0.5 - missing functions: none
symbol engine: initialized successfully - sym options: 0x614 - pdb path: .;C:\Program Files\Android\Android Studio\jbr\bin;C:\WINDOWS\SYSTEM32;C:\WINDOWS\WinSxS\amd64_microsoft.windows.common-controls_6595b64144ccf1df_6.0.19041.6456_none_60b8a6cb71f64256;C:\Program Files\Android\Android Studio\jbr\bin\server;C:\Users\aman2\.gradle\native\c067742578af261105cb4f569cf0c3c89f3d7b1fecec35dd04571415982c5e48\windows-amd64;C:\Users\aman2\.gradle\native\38dada09dfb8b06ba9b0570ebf7e218e3eb74d4ef43ca46872605cf95ebc2f47\windows-amd64;C:\Users\aman2\AppData\Local\Temp\native-platform224286716406748390dir

VM Arguments:
jvm_args: --add-opens=java.base/java.util=ALL-UNNAMED --add-opens=java.base/java.lang=ALL-UNNAMED --add-opens=java.base/java.lang.invoke=ALL-UNNAMED --add-opens=java.prefs/java.util.prefs=ALL-UNNAMED --add-opens=java.base/java.nio.charset=ALL-UNNAMED --add-opens=java.base/java.net=ALL-UNNAMED --add-opens=java.base/java.util.concurrent.atomic=ALL-UNNAMED -Xmx2048m -Dfile.encoding=UTF-8 -Duser.country=IN -Duser.language=en -Duser.variant -javaagent:C:\Users\aman2\.gradle\wrapper\dists\gradle-8.7-bin\bhs2wmbdwecv87pi65oeuq5iu\gradle-8.7\lib\agents\gradle-instrumentation-agent-8.7.jar 
java_command: org.gradle.launcher.daemon.bootstrap.GradleDaemon 8.7
java_class_path (initial): C:\Users\aman2\.gradle\wrapper\dists\gradle-8.7-bin\bhs2wmbdwecv87pi65oeuq5iu\gradle-8.7\lib\gradle-launcher-8.7.jar
Launcher Type: SUN_STANDARD

[Global flags]
     intx CICompilerCount                          = 4                                         {product} {ergonomic}
     uint ConcGCThreads                            = 2                                         {product} {ergonomic}
     uint G1ConcRefinementThreads                  = 8                                         {product} {ergonomic}
   size_t G1HeapRegionSize                         = 1048576                                   {product} {ergonomic}
    uintx GCDrainStackTargetSize                   = 64                                        {product} {ergonomic}
   size_t InitialHeapSize                          = 132120576                                 {product} {ergonomic}
   size_t MarkStackSize                            = 4194304                                   {product} {ergonomic}
   size_t MaxHeapSize                              = 2147483648                                {product} {command line}
   size_t MaxNewSize                               = 1287651328                                {product} {ergonomic}
   size_t MinHeapDeltaBytes                        = 1048576                                   {product} {ergonomic}
   size_t MinHeapSize                              = 8388608                                   {product} {ergonomic}
    uintx NonNMethodCodeHeapSize                   = 5839372                                {pd product} {ergonomic}
    uintx NonProfiledCodeHeapSize                  = 122909434                              {pd product} {ergonomic}
    uintx ProfiledCodeHeapSize                     = 122909434                              {pd product} {ergonomic}
    uintx ReservedCodeCacheSize                    = 251658240                              {pd product} {ergonomic}
     bool SegmentedCodeCache                       = true                                      {product} {ergonomic}
   size_t SoftMaxHeapSize                          = 2147483648                             {manageable} {ergonomic}
     bool UseCompressedClassPointers               = true                           {product lp64_product} {ergonomic}
     bool UseCompressedOops                        = true                           {product lp64_product} {ergonomic}
     bool UseG1GC                                  = true                                      {product} {ergonomic}
     bool UseLargePagesIndividualAllocation        = false                                  {pd product} {ergonomic}

Logging:
Log output configuration:
 #0: stdout all=warning uptime,level,tags
 #1: stderr all=off uptime,level,tags

Environment Variables:
PATH=C:\Program Files\Common Files\Oracle\Java\javapath;C:\Program Files\NVIDIA GPU Computing Toolkit\CUDA\v11.7\bin;C:\Program Files\NVIDIA GPU Computing Toolkit\CUDA\v11.7\libnvvp;C:\Users\aman2\Desktop\IndiaMart\training\oracle\bin;C:\Windows\system32;C:\Windows;C:\Windows\System32\Wbem;C:\Windows\System32\WindowsPowerShell\v1.0\;C:\Windows\System32\OpenSSH\;C:\Program Files (x86)\NVIDIA Corporation\PhysX\Common;C:\Program Files\Git LFS;C:\Program Files\nodejs\;C:\Program Files\Docker\Docker\resources\bin;C:\ProgramData\DockerDesktop\version-bin;C:\Program Files (x86)\Yarn\bin\;C:\Program Files\dotnet\;C:\Program Files\Go\bin;C:\cudnn-windows-x86_64-8.4.0.27_cuda11.6-archive\bin;C:\cudnn-windows-x86_64-8.4.0.27_cuda11.6-archive\include;C:\cudnn-windows-x86_64-8.4.0.27_cuda11.6-archive\lib;C:\Program Files\NVIDIA Corporation\Nsight Compute 2022.2.0\;C:\Program Files\Java\jdk-22\bin;C:\WINDOWS\system32;C:\WINDOWS;C:\WINDOWS\System32\Wbem;C:\WINDOWS\System32\WindowsPowerShell\v1.0\;C:\WINDOWS\System32\OpenSSH\;C:\Program Files\Git\cmd;C:\nginx;;C:\Program Files\NVIDIA Corporation\NVIDIA app\NvDLISR;C:\Program Files\CMake\bin;C:\Program Files (x86)\Windows Kits\10\Windows Performance Toolkit\;C:\Ruby30-x64\bin;C:\Users\aman2\anaconda3;C:\Users\aman2\anaconda3\Library\mingw-w64\bin;C:\Users\aman2\anaconda3\Library\usr\bin;C:\Users\aman2\anaconda3\Library\bin;C:\Users\aman2\anaconda3\Scripts;C:\Users\aman2\AppData\Local\Programs\Python\Python39\Scripts\;C:\Users\aman2\AppData\Local\Programs\Python\Python39\;C:\Users\aman2\AppData\Local\Microsoft\WindowsApps;C:\Program Files\JetBrains\PyCharm Community Edition 2020.1.2\bin;;C:\Users\aman2\AppData\Local\Programs\Microsoft VS Code\bin;C:\Program Files\heroku\bin;C:\Users\aman2\AppData\Roaming\npm;C:\Users\aman2\AppData\Local\Yarn\bin;C:\Users\aman2\go\bin;C:\Program Files (x86)\dotnet;C:\Program Files\dotnet\;C:\Users\aman2\.dotnet\tools;C:\Qt\Tools\Ninja;D:\QGIS-DIRECT\bin;C:\Qt\5.15.0\msvc2019_64\bin;D:\QGIS-DIRECT\apps\qg
USERNAME=aman2
OS=Windows_NT
PROCESSOR_IDENTIFIER=Intel64 Family 6 Model 165 Stepping 2, GenuineIntel
TMP=C:\Users\aman2\AppData\Local\Temp
TEMP=C:\Users\aman2\AppData\Local\Temp



Periodic native trim disabled

JNI global refs:
JNI global refs: 26, weak refs: 0

JNI global refs memory usage: 843, weak refs: 841

OOME stack traces (most recent first):
Classloader memory used:
Loader org.gradle.internal.classloader.VisitableURLClassLoader                         : 5231K
Loader org.gradle.internal.classloader.VisitableURLClassLoader$InstrumentingVisitableURLClassLoader: 4293K
Loader bootstrap                                                                       : 3267K
Loader org.gradle.initialization.MixInLegacyTypesClassLoader                           : 1446K
Loader jdk.internal.reflect.DelegatingClassLoader                                      : 155K
Loader jdk.internal.loader.ClassLoaders$PlatformClassLoader                            : 71494B
Loader org.gradle.internal.classloader.VisitableURLClassLoader                         : 31354B
Loader jdk.internal.loader.ClassLoaders$AppClassLoader                                 : 28721B
Loader sun.reflect.misc.MethodUtil                                                     : 373B

Classes loaded by more than one classloader:
Class Program                                                                         : loaded 5 times (x 70B)
Class Build_gradle$1                                                                  : loaded 3 times (x 72B)
Class Build_gradle                                                                    : loaded 3 times (x 128B)
Class com.google.common.io.Closer$SuppressingSuppressor                               : loaded 2 times (x 73B)
Class net.rubygrapefruit.platform.internal.FunctionResult$Failure                     : loaded 2 times (x 77B)
Class org.objectweb.asm.ModuleVisitor                                                 : loaded 2 times (x 79B)
Class [Lcom.google.common.collect.AbstractMapEntry;                                   : loaded 2 times (x 67B)
Class com.google.common.collect.SingletonImmutableList                                : loaded 2 times (x 167B)
Class com.google.common.cache.CacheLoader$SupplierToCacheLoader                       : loaded 2 times (x 73B)
Class org.gradle.internal.classpath.ClassPath                                         : loaded 2 times (x 68B)
Class com.google.common.cache.RemovalListener                                         : loaded 2 times (x 68B)
Class org.gradle.api.internal.classpath.DefaultModuleRegistry                         : loaded 2 times (x 84B)
Class Settings_gradle$1$1                                                             : loaded 2 times (x 72B)
Class com.google.common.collect.ImmutableEnumSet                                      : loaded 2 times (x 144B)
Class com.google.common.collect.ListMultimap                                          : loaded 2 times (x 68B)
Class com.google.common.base.CharMatcher$JavaDigit                                    : loaded 2 times (x 109B)
Class com.google.common.base.CharMatcher$Digit                                        : loaded 2 times (x 110B)
Class com.google.common.collect.AbstractMultimap                                      : loaded 2 times (x 121B)
Class com.google.common.cache.CacheBuilder$OneWeigher                                 : loaded 2 times (x 80B)
Class org.gradle.api.Action                                                           : loaded 2 times (x 68B)
Class com.google.common.collect.ImmutableEntry                                        : loaded 2 times (x 80B)
Class com.google.common.collect.Lists$StringAsImmutableList                           : loaded 2 times (x 167B)
Class com.google.common.cache.LocalCache$StrongEntry                                  : loaded 2 times (x 106B)
Class org.objectweb.asm.FieldWriter                                                   : loaded 2 times (x 76B)
Class com.google.common.base.CharMatcher                                              : loaded 2 times (x 109B)
Class com.google.common.base.CharMatcher$IsNot                                        : loaded 2 times (x 109B)
Class net.rubygrapefruit.platform.internal.FunctionResult                             : loaded 2 times (x 75B)
Class com.google.common.base.Splitter                                                 : loaded 2 times (x 70B)
Class [Lcom.google.common.cache.Weigher;                                              : loaded 2 times (x 67B)
Class com.google.common.collect.Iterators$ArrayItr                                    : loaded 2 times (x 95B)
Class com.google.common.cache.LocalCache$Segment                                      : loaded 2 times (x 152B)
Class org.gradle.api.internal.DefaultClassPathProvider                                : loaded 2 times (x 74B)
Class org.gradle.internal.installation.GradleInstallation$1                           : loaded 2 times (x 73B)
Class com.google.common.cache.LocalCache$AbstractReferenceEntry                       : loaded 2 times (x 105B)
Class org.objectweb.asm.Type                                                          : loaded 2 times (x 70B)
Class com.google.common.util.concurrent.AbstractFuture$Failure                        : loaded 2 times (x 70B)
Class com.google.common.base.CharMatcher$BitSetMatcher                                : loaded 2 times (x 110B)
Class com.google.common.collect.ImmutableMap$IteratorBasedImmutableMap                : loaded 2 times (x 123B)
Class com.google.common.reflect.Reflection                                            : loaded 2 times (x 69B)
Class com.google.common.collect.ImmutableMap                                          : loaded 2 times (x 118B)
Class com.google.common.base.Converter                                                : loaded 2 times (x 88B)
Class com.google.common.collect.ImmutableSet$EmptySetBuilderImpl                      : loaded 2 times (x 74B)
Class com.google.common.base.Equivalence                                              : loaded 2 times (x 80B)
Class com.google.common.primitives.Ints                                               : loaded 2 times (x 69B)
Class com.google.common.cache.LocalCache$EntryFactory$1                               : loaded 2 times (x 81B)
Class com.google.common.cache.LocalCache$EntryFactory$2                               : loaded 2 times (x 81B)
Class com.google.common.cache.LocalCache$EntryFactory$3                               : loaded 2 times (x 81B)
Class com.google.common.cache.LocalCache$EntryFactory$4                               : loaded 2 times (x 81B)
Class com.google.common.cache.LocalCache$EntryFactory$5                               : loaded 2 times (x 81B)
Class com.google.common.cache.LocalCache$EntryFactory$6                               : loaded 2 times (x 81B)
Class com.google.common.reflect.TypeResolver$TypeVariableKey                          : loaded 2 times (x 70B)
Class com.google.common.cache.LocalCache$EntryFactory$7                               : loaded 2 times (x 81B)
Class com.google.common.cache.LocalCache$EntryFactory$8                               : loaded 2 times (x 81B)
Class com.google.common.base.Predicate                                                : loaded 2 times (x 68B)
Class com.google.common.cache.LocalCache$StrongValueReference                         : loaded 2 times (x 88B)
Class org.gradle.internal.classloader.FilteringClassLoader                            : loaded 2 times (x 103B)
Class com.google.common.reflect.TypeResolver$TypeTable                                : loaded 2 times (x 71B)
Class com.google.common.reflect.Invokable$MethodInvokable                             : loaded 2 times (x 103B)
Class com.google.common.collect.RegularImmutableSet                                   : loaded 2 times (x 146B)
Class [Lcom.google.common.cache.LocalCache$Strength;                                  : loaded 2 times (x 67B)
Class org.gradle.internal.classpath.DefaultClassPath$ImmutableUniqueList$Builder      : loaded 2 times (x 73B)
Class com.google.common.collect.Maps$8                                                : loaded 2 times (x 80B)
Class [Lcom.google.common.cache.CacheBuilder$NullListener;                            : loaded 2 times (x 67B)
Class com.google.common.base.PatternCompiler                                          : loaded 2 times (x 68B)
Class com.google.common.base.CharMatcher$InRange                                      : loaded 2 times (x 109B)
Class com.google.common.collect.Maps$KeySet                                           : loaded 2 times (x 135B)
Class com.google.common.collect.Sets$SetView                                          : loaded 2 times (x 136B)
Class com.google.common.collect.BiMap                                                 : loaded 2 times (x 68B)
Class com.google.common.collect.Lists                                                 : loaded 2 times (x 69B)
Class org.objectweb.asm.AnnotationWriter                                              : loaded 2 times (x 77B)
Class com.google.common.math.IntMath$1                                                : loaded 2 times (x 69B)
Class org.gradle.internal.classloader.ClassLoaderVisitor                              : loaded 2 times (x 74B)
Class org.objectweb.asm.Label                                                         : loaded 2 times (x 71B)
Class com.google.common.cache.CacheBuilder$NullListener                               : loaded 2 times (x 80B)
Class com.google.common.math.MathPreconditions                                        : loaded 2 times (x 69B)
Class org.gradle.internal.service.DefaultServiceLocator                               : loaded 2 times (x 81B)
Class org.gradle.internal.service.UnknownServiceException                             : loaded 2 times (x 81B)
Class com.google.common.util.concurrent.AbstractFuture$SynchronizedHelper             : loaded 2 times (x 76B)
Class com.google.common.collect.ArrayListMultimap                                     : loaded 2 times (x 170B)
Class com.google.common.base.Strings                                                  : loaded 2 times (x 69B)
Class com.google.common.io.Closer                                                     : loaded 2 times (x 76B)
Class com.google.common.cache.CacheLoader$InvalidCacheLoadException                   : loaded 2 times (x 80B)
Class org.gradle.internal.classloader.DefaultClassLoaderFactory                       : loaded 2 times (x 80B)
Class com.google.common.collect.UnmodifiableIterator                                  : loaded 2 times (x 78B)
Class com.google.common.base.Stopwatch                                                : loaded 2 times (x 70B)
Class com.google.common.reflect.Types                                                 : loaded 2 times (x 69B)
Class com.google.common.base.Platform$JdkPatternCompiler                              : loaded 2 times (x 73B)
Class net.rubygrapefruit.platform.ProcessLauncher                                     : loaded 2 times (x 68B)
Class com.google.common.cache.LocalCache$LoadingValueReference                        : loaded 2 times (x 94B)
Class com.google.common.base.CharMatcher$SingleWidth                                  : loaded 2 times (x 110B)
Class com.google.common.collect.Hashing                                               : loaded 2 times (x 69B)
Class [Lcom.google.common.reflect.Types$ClassOwnership;                               : loaded 2 times (x 67B)
Class com.google.common.base.JdkPattern                                               : loaded 2 times (x 73B)
Class com.google.common.collect.Multimap                                              : loaded 2 times (x 68B)
Class com.google.common.base.FunctionalEquivalence                                    : loaded 2 times (x 81B)
Class org.objectweb.asm.AnnotationVisitor                                             : loaded 2 times (x 76B)
Class org.objectweb.asm.RecordComponentWriter                                         : loaded 2 times (x 76B)
Class com.google.common.cache.LocalCache$1                                            : loaded 2 times (x 87B)
Class com.google.common.cache.LocalCache$2                                            : loaded 2 times (x 140B)
Class com.google.common.collect.RegularImmutableBiMap                                 : loaded 2 times (x 146B)
Class org.gradle.internal.classloader.VisitableURLClassLoader$Spec                    : loaded 2 times (x 72B)
Class org.gradle.api.GradleException                                                  : loaded 2 times (x 80B)
Class com.google.common.base.CharMatcher$JavaLetterOrDigit                            : loaded 2 times (x 109B)
Class org.gradle.api.internal.classpath.ModuleRegistry                                : loaded 2 times (x 68B)
Class com.google.common.collect.ForwardingObject                                      : loaded 2 times (x 70B)
Class com.google.common.reflect.TypeToken$1                                           : loaded 2 times (x 106B)
Class com.google.common.cache.CacheBuilder                                            : loaded 2 times (x 70B)
Class com.google.common.reflect.TypeToken$2                                           : loaded 2 times (x 106B)
Class org.objectweb.asm.ByteVector                                                    : loaded 2 times (x 77B)
Class com.google.common.collect.ImmutableCollection                                   : loaded 2 times (x 123B)
Class com.google.common.base.PairwiseEquivalence                                      : loaded 2 times (x 81B)
Class com.google.common.base.Ticker                                                   : loaded 2 times (x 70B)
Class org.gradle.api.internal.ClassPathProvider                                       : loaded 2 times (x 68B)
Class com.google.common.base.Ascii                                                    : loaded 2 times (x 69B)
Class com.google.common.collect.RegularImmutableMap$Values                            : loaded 2 times (x 167B)
Class org.objectweb.asm.ModuleWriter                                                  : loaded 2 times (x 80B)
Class org.gradle.internal.classloader.ClasspathUtil$1                                 : loaded 2 times (x 74B)
Class com.google.common.collect.Iterators$MergingIterator                             : loaded 2 times (x 79B)
Class com.google.common.collect.ImmutableList$ReverseImmutableList                    : loaded 2 times (x 168B)
Class net.rubygrapefruit.platform.internal.Platform$Posix                             : loaded 2 times (x 79B)
Class com.google.common.cache.AbstractCache$StatsCounter                              : loaded 2 times (x 68B)
Class org.objectweb.asm.FieldVisitor                                                  : loaded 2 times (x 75B)
Class org.objectweb.asm.Symbol                                                        : loaded 2 times (x 71B)
Class com.google.common.reflect.TypeToken                                             : loaded 2 times (x 71B)
Class com.google.common.cache.LocalCache$Strength$1                                   : loaded 2 times (x 79B)
Class com.google.common.cache.LocalCache$Strength$2                                   : loaded 2 times (x 79B)
Class com.google.common.cache.LocalCache$Strength$3                                   : loaded 2 times (x 79B)
Class org.gradle.internal.classloader.ClassLoaderFactory                              : loaded 2 times (x 68B)
Class com.google.common.collect.ObjectArrays                                          : loaded 2 times (x 69B)
Class com.google.common.util.concurrent.AbstractFuture$Waiter                         : loaded 2 times (x 70B)
Class com.google.common.util.concurrent.Uninterruptibles                              : loaded 2 times (x 69B)
Class com.google.common.collect.Iterators$10                                          : loaded 2 times (x 79B)
Class com.google.common.collect.ImmutableList                                         : loaded 2 times (x 166B)
Class org.gradle.api.internal.classpath.ManifestUtil                                  : loaded 2 times (x 69B)
Class org.gradle.api.specs.Spec                                                       : loaded 2 times (x 68B)
Class com.google.common.cache.CacheLoader$UnsupportedLoadingOperationException        : loaded 2 times (x 80B)
Class com.google.common.base.CharMatcher$Whitespace                                   : loaded 2 times (x 110B)
Class com.google.common.util.concurrent.ListenableFuture                              : loaded 2 times (x 68B)
Class com.google.common.collect.Iterators$1                                           : loaded 2 times (x 79B)
Class com.google.common.collect.Iterators$4                                           : loaded 2 times (x 80B)
Class com.google.common.collect.RegularImmutableMap$BucketOverflowException           : loaded 2 times (x 80B)
Class com.google.common.collect.Iterators$5                                           : loaded 2 times (x 80B)
Class com.google.common.util.concurrent.AbstractFuture$UnsafeAtomicHelper             : loaded 2 times (x 76B)
Class com.google.common.base.Joiner                                                   : loaded 2 times (x 77B)
Class com.google.common.base.Equivalence$Equals                                       : loaded 2 times (x 80B)
Class com.google.common.base.Preconditions                                            : loaded 2 times (x 69B)
Class com.google.common.base.Function                                                 : loaded 2 times (x 68B)
Class com.google.common.collect.Iterators$9                                           : loaded 2 times (x 79B)
Class [Lnet.rubygrapefruit.platform.internal.FunctionResult$Failure;                  : loaded 2 times (x 67B)
Class net.rubygrapefruit.platform.internal.Platform$Windows                           : loaded 2 times (x 77B)
Class org.gradle.internal.IoActions                                                   : loaded 2 times (x 69B)
Class com.google.common.cache.ReferenceEntry                                          : loaded 2 times (x 68B)
Class com.google.common.collect.RegularImmutableMap$KeySet                            : loaded 2 times (x 148B)
Class com.google.common.collect.CollectPreconditions                                  : loaded 2 times (x 69B)
Class com.google.common.primitives.IntsMethodsForWeb                                  : loaded 2 times (x 69B)
Class com.google.common.collect.Maps                                                  : loaded 2 times (x 69B)
Class com.google.common.collect.RegularImmutableMap                                   : loaded 2 times (x 119B)
Class com.google.common.collect.AbstractIndexedListIterator                           : loaded 2 times (x 94B)
Class net.rubygrapefruit.platform.internal.NativeLibraryLocator                       : loaded 2 times (x 71B)
Class com.google.common.base.CharMatcher$None                                         : loaded 2 times (x 110B)
Class org.gradle.api.internal.classpath.EffectiveClassPath                            : loaded 2 times (x 88B)
Class com.google.common.collect.UnmodifiableListIterator                              : loaded 2 times (x 93B)
Class com.google.common.cache.CacheLoader$FunctionToCacheLoader                       : loaded 2 times (x 73B)
Class com.google.common.cache.CacheBuilder$1                                          : loaded 2 times (x 83B)
Class com.google.common.cache.CacheBuilder$2                                          : loaded 2 times (x 70B)
Class com.google.common.collect.ImmutableList$1                                       : loaded 2 times (x 95B)
Class com.google.common.base.Splitter$Strategy                                        : loaded 2 times (x 68B)
Class com.google.common.collect.ImmutableMapEntrySet$RegularEntrySet                  : loaded 2 times (x 149B)
Class [Lcom.google.common.cache.RemovalListener;                                      : loaded 2 times (x 67B)
Class [Lcom.google.common.collect.ImmutableMapEntry;                                  : loaded 2 times (x 67B)
Class net.rubygrapefruit.platform.internal.Platform$Unsupported                       : loaded 2 times (x 77B)
Class org.gradle.internal.installation.CurrentGradleInstallation                      : loaded 2 times (x 71B)
Class org.gradle.internal.agents.InstrumentingClassLoader                             : loaded 2 times (x 68B)
Class org.gradle.internal.installation.CurrentGradleInstallationLocator               : loaded 2 times (x 69B)
Class [Lcom.google.common.cache.LocalCache$Segment;                                   : loaded 2 times (x 67B)
Class org.gradle.api.internal.classpath.Module                                        : loaded 2 times (x 68B)
Class com.google.common.base.Splitter$1$1                                             : loaded 2 times (x 84B)
Class net.rubygrapefruit.platform.internal.NativeLibraryLoader                        : loaded 2 times (x 71B)
Class com.google.common.collect.ImmutableSet$JdkBackedSetBuilderImpl                  : loaded 2 times (x 74B)
Class com.google.common.reflect.Types$TypeVariableInvocationHandler                   : loaded 2 times (x 73B)
Class com.google.common.reflect.Types$ClassOwnership                                  : loaded 2 times (x 78B)
Class com.google.common.collect.ImmutableSet$RegularSetBuilderImpl                    : loaded 2 times (x 75B)
Class [Lorg.objectweb.asm.AnnotationWriter;                                           : loaded 2 times (x 67B)
Class org.gradle.internal.service.CachingServiceLocator                               : loaded 2 times (x 80B)
Class [Lcom.google.common.collect.ImmutableEntry;                                     : loaded 2 times (x 67B)
Class net.rubygrapefruit.platform.internal.Platform$Linux64Bit                        : loaded 2 times (x 81B)
Class com.google.common.collect.Sets$ImprovedAbstractSet                              : loaded 2 times (x 133B)
Class org.gradle.internal.classpath.DefaultClassPath                                  : loaded 2 times (x 88B)
Class com.google.common.util.concurrent.AbstractFuture$SetFuture                      : loaded 2 times (x 73B)
Class com.google.common.base.Splitter$SplittingIterator                               : loaded 2 times (x 82B)
Class com.google.common.reflect.TypeParameter                                         : loaded 2 times (x 70B)
Class com.google.common.cache.LocalCache$LocalManualCache$1                           : loaded 2 times (x 73B)
Class org.gradle.internal.installation.GradleInstallation                             : loaded 2 times (x 73B)
Class com.google.common.reflect.Types$ClassOwnership$1LocalClass                      : loaded 2 times (x 69B)
Class org.objectweb.asm.SymbolTable$Entry                                             : loaded 2 times (x 72B)
Class [Lcom.google.common.cache.LocalCache$EntryFactory;                              : loaded 2 times (x 67B)
Class net.rubygrapefruit.platform.internal.jni.NativeLibraryFunctions                 : loaded 2 times (x 69B)
Class com.google.common.base.CharMatcher$Is                                           : loaded 2 times (x 109B)
Class com.google.common.base.Platform                                                 : loaded 2 times (x 69B)
Class com.google.common.collect.RegularImmutableAsList                                : loaded 2 times (x 176B)
Class com.google.common.base.Suppliers$NonSerializableMemoizingSupplier               : loaded 2 times (x 77B)
Class com.google.common.collect.PeekingIterator                                       : loaded 2 times (x 68B)
Class com.google.common.reflect.TypeResolver$TypeTable$1                              : loaded 2 times (x 71B)
Class com.google.common.collect.ImmutableMapEntrySet                                  : loaded 2 times (x 149B)
Class com.google.common.cache.CacheLoader                                             : loaded 2 times (x 72B)
Class com.google.common.collect.ImmutableBiMapFauxverideShim                          : loaded 2 times (x 118B)
Class org.objectweb.asm.MethodTooLargeException                                       : loaded 2 times (x 81B)
Class com.google.common.cache.Cache                                                   : loaded 2 times (x 68B)
Class org.gradle.internal.classloader.SystemClassLoaderSpec                           : loaded 2 times (x 69B)
Class com.google.common.util.concurrent.internal.InternalFutureFailureAccess          : loaded 2 times (x 70B)
Class net.rubygrapefruit.platform.internal.Platform$FreeBSD64Bit                      : loaded 2 times (x 80B)
Class com.google.common.base.Charsets                                                 : loaded 2 times (x 69B)
Class com.google.common.primitives.Ints$IntConverter                                  : loaded 2 times (x 88B)
Class com.google.common.collect.SingletonImmutableSet                                 : loaded 2 times (x 144B)
Class com.google.common.reflect.Types$TypeVariableImpl                                : loaded 2 times (x 70B)
Class [Lcom.google.common.base.AbstractIterator$State;                                : loaded 2 times (x 67B)
Class com.google.common.collect.ImmutableMap$Builder                                  : loaded 2 times (x 80B)
Class net.rubygrapefruit.platform.internal.Platform$MacOs                             : loaded 2 times (x 80B)
Class com.google.common.base.AbstractIterator                                         : loaded 2 times (x 78B)
Class org.objectweb.asm.ClassWriter                                                   : loaded 2 times (x 104B)
Class com.google.common.base.AbstractIterator$1                                       : loaded 2 times (x 69B)
Class [Lcom.google.common.cache.CacheBuilder$OneWeigher;                              : loaded 2 times (x 67B)
Class net.rubygrapefruit.platform.NativeIntegrationLinkageException                   : loaded 2 times (x 80B)
Class com.google.common.collect.Iterators                                             : loaded 2 times (x 69B)
Class com.google.common.base.CharMatcher$1                                            : loaded 2 times (x 111B)
Class com.google.common.base.CharMatcher$Ascii                                        : loaded 2 times (x 110B)
Class com.google.common.cache.LocalCache$ComputingValueReference                      : loaded 2 times (x 94B)
Class org.gradle.api.UncheckedIOException                                             : loaded 2 times (x 80B)
Class com.google.common.base.CharMatcher$And                                          : loaded 2 times (x 110B)
Class com.google.common.collect.IndexedImmutableSet                                   : loaded 2 times (x 148B)
Class com.google.common.base.ExtraObjectsMethodsForWeb                                : loaded 2 times (x 69B)
Class com.google.common.collect.AbstractListMultimap                                  : loaded 2 times (x 170B)
Class com.google.common.base.CharMatcher$Any                                          : loaded 2 times (x 110B)
Class com.google.common.collect.ImmutableEnumMap                                      : loaded 2 times (x 123B)
Class com.google.common.cache.LocalCache$Strength                                     : loaded 2 times (x 79B)
Class com.google.common.collect.AbstractMapBasedMultimap$KeySet                       : loaded 2 times (x 135B)
Class com.google.common.collect.ArrayListMultimapGwtSerializationDependencies         : loaded 2 times (x 170B)
Class com.google.common.base.CharMatcher$RangesMatcher                                : loaded 2 times (x 110B)
Class org.objectweb.asm.Handler                                                       : loaded 2 times (x 70B)
Class net.rubygrapefruit.platform.internal.Platform$Linux32Bit                        : loaded 2 times (x 81B)
Class com.google.common.collect.ImmutableList$SubList                                 : loaded 2 times (x 168B)
Class net.rubygrapefruit.platform.internal.Platform$MacOs64Bit                        : loaded 2 times (x 80B)
Class com.google.common.cache.LocalCache$ValueReference                               : loaded 2 times (x 68B)
Class org.gradle.internal.classloader.ClasspathUtil                                   : loaded 2 times (x 69B)
Class org.objectweb.asm.CurrentFrame                                                  : loaded 2 times (x 71B)
Class com.google.common.util.concurrent.AbstractFuture                                : loaded 2 times (x 93B)
Class com.google.common.reflect.TypeResolver                                          : loaded 2 times (x 70B)
Class com.google.common.base.Splitter$1                                               : loaded 2 times (x 75B)
Class com.google.common.base.Ticker$1                                                 : loaded 2 times (x 70B)
Class com.google.common.collect.Maps$BiMapConverter                                   : loaded 2 times (x 88B)
Class org.gradle.api.internal.DefaultClassPathRegistry                                : loaded 2 times (x 74B)
Class com.google.common.util.concurrent.AbstractFuture$Cancellation                   : loaded 2 times (x 70B)
Class [Lorg.objectweb.asm.Symbol;                                                     : loaded 2 times (x 67B)
Class com.google.common.collect.ImmutableSet$SetBuilderImpl                           : loaded 2 times (x 74B)
Class org.gradle.api.internal.classpath.DefaultModuleRegistry$DefaultModule           : loaded 2 times (x 84B)
Class net.rubygrapefruit.platform.internal.Platform                                   : loaded 2 times (x 77B)
Class com.google.common.base.CharMatcher$JavaIsoControl                               : loaded 2 times (x 110B)
Class com.google.common.collect.ImmutableMap$1                                        : loaded 2 times (x 79B)
Class com.google.common.base.CharMatcher$Or                                           : loaded 2 times (x 110B)
Class org.gradle.kotlin.dsl.VersionCatalogAccessorsKt                                 : loaded 2 times (x 69B)
Class com.google.common.base.Suppliers$SupplierOfInstance                             : loaded 2 times (x 77B)
Class org.objectweb.asm.RecordComponentVisitor                                        : loaded 2 times (x 75B)
Class com.google.common.reflect.Types$ClassOwnership$1                                : loaded 2 times (x 78B)
Class com.google.common.reflect.Invokable                                             : loaded 2 times (x 99B)
Class com.google.common.reflect.Types$ClassOwnership$2                                : loaded 2 times (x 78B)
Class com.google.common.reflect.Types$ClassOwnership$3                                : loaded 2 times (x 69B)
Class com.google.common.collect.Iterables                                             : loaded 2 times (x 69B)
Class com.google.common.base.CharMatcher$JavaLowerCase                                : loaded 2 times (x 109B)
Class org.objectweb.asm.ClassTooLargeException                                        : loaded 2 times (x 81B)
Class org.gradle.api.internal.classpath.UnknownModuleException                        : loaded 2 times (x 80B)
Class com.google.common.util.concurrent.AbstractFuture$Listener                       : loaded 2 times (x 70B)
Class org.objectweb.asm.Edge                                                          : loaded 2 times (x 70B)
Class com.google.common.collect.Maps$EntryTransformer                                 : loaded 2 times (x 68B)
Class com.google.common.collect.ImmutableCollection$Builder                           : loaded 2 times (x 74B)
Class net.rubygrapefruit.platform.internal.Platform$Window64Bit                       : loaded 2 times (x 77B)
Class [Lorg.objectweb.asm.SymbolTable$Entry;                                          : loaded 2 times (x 67B)
Class com.google.common.reflect.Types$JavaVersion                                     : loaded 2 times (x 81B)
Class com.google.common.collect.SingletonImmutableBiMap                               : loaded 2 times (x 141B)
Class com.google.common.base.CommonPattern                                            : loaded 2 times (x 72B)
Class com.google.common.base.Suppliers$MemoizingSupplier                              : loaded 2 times (x 77B)
Class com.google.common.base.Suppliers                                                : loaded 2 times (x 69B)
Class net.rubygrapefruit.platform.internal.Platform$FreeBSD32Bit                      : loaded 2 times (x 80B)
Class org.objectweb.asm.ClassVisitor                                                  : loaded 2 times (x 86B)
Class com.google.common.cache.LoadingCache                                            : loaded 2 times (x 68B)
Class org.gradle.internal.service.ServiceLookupException                              : loaded 2 times (x 80B)
Class org.gradle.cache.GlobalCache                                                    : loaded 2 times (x 68B)
Class com.google.common.base.CharMatcher$NegatedFastMatcher                           : loaded 2 times (x 111B)
Class [Lorg.gradle.api.internal.ClassPathProvider;                                    : loaded 2 times (x 67B)
Class com.google.common.util.concurrent.AbstractFuture$SafeAtomicHelper               : loaded 2 times (x 77B)
Class net.rubygrapefruit.platform.internal.Platform$FreeBSD                           : loaded 2 times (x 80B)
Class org.gradle.util.internal.GUtil                                                  : loaded 2 times (x 69B)
Class net.rubygrapefruit.platform.internal.Platform$Unix                              : loaded 2 times (x 80B)
Class com.google.common.math.IntMath                                                  : loaded 2 times (x 69B)
Class [Lcom.google.common.reflect.Types$JavaVersion;                                  : loaded 2 times (x 67B)
Class net.rubygrapefruit.platform.Process                                             : loaded 2 times (x 68B)
Class com.google.common.collect.AbstractIterator                                      : loaded 2 times (x 80B)
Class org.gradle.internal.classloader.ClassLoaderSpec                                 : loaded 2 times (x 69B)
Class com.google.common.base.NullnessCasts                                            : loaded 2 times (x 69B)
Class org.objectweb.asm.Frame                                                         : loaded 2 times (x 71B)
Class com.google.common.cache.LocalCache$LocalManualCache                             : loaded 2 times (x 97B)
Class com.google.common.collect.AbstractMapEntry                                      : loaded 2 times (x 79B)
Class com.google.common.collect.ImmutableList$Builder                                 : loaded 2 times (x 75B)
Class com.google.common.base.CharMatcher$Negated                                      : loaded 2 times (x 111B)
Class net.rubygrapefruit.platform.NativeIntegrationUnavailableException               : loaded 2 times (x 80B)
Class com.google.common.cache.CacheLoader$1                                           : loaded 2 times (x 73B)
Class net.rubygrapefruit.platform.NativeIntegration                                   : loaded 2 times (x 68B)
Class com.google.common.util.concurrent.AbstractFuture$TrustedFuture                  : loaded 2 times (x 95B)
Class com.google.common.collect.Sets                                                  : loaded 2 times (x 69B)
Class com.google.common.collect.ImmutableSet$Builder                                  : loaded 2 times (x 83B)
Class com.google.common.base.CharMatcher$ForPredicate                                 : loaded 2 times (x 110B)
Class com.google.common.collect.ImmutableMap$MapViewOfValuesAsSingletonSets           : loaded 2 times (x 123B)
Class net.rubygrapefruit.platform.internal.Platform$MacOs32Bit                        : loaded 2 times (x 80B)
Class com.google.common.base.MoreObjects                                              : loaded 2 times (x 69B)
Class com.google.common.collect.SortedMapDifference                                   : loaded 2 times (x 68B)
Class org.objectweb.asm.SymbolTable                                                   : loaded 2 times (x 70B)
Class [Lorg.objectweb.asm.AnnotationVisitor;                                          : loaded 2 times (x 67B)
Class com.google.common.cache.CacheStats                                              : loaded 2 times (x 69B)
Class org.objectweb.asm.Attribute                                                     : loaded 2 times (x 75B)
Class org.gradle.internal.classloader.VisitableURLClassLoader                         : loaded 2 times (x 115B)
Class com.google.common.cache.LocalCache$LocalLoadingCache                            : loaded 2 times (x 132B)
Class com.google.common.base.Supplier                                                 : loaded 2 times (x 68B)
Class com.google.common.base.Objects                                                  : loaded 2 times (x 69B)
Class com.google.common.util.concurrent.AbstractFuture$AtomicHelper                   : loaded 2 times (x 76B)
Class com.google.common.collect.ImmutableBiMap                                        : loaded 2 times (x 141B)
Class org.gradle.internal.Cast                                                        : loaded 2 times (x 69B)
Class com.google.common.hash.PrimitiveSink                                            : loaded 2 times (x 68B)
Class com.google.common.reflect.TypeCapture                                           : loaded 2 times (x 69B)
Class org.gradle.api.internal.ClassPathRegistry                                       : loaded 2 times (x 68B)
Class com.google.common.cache.LocalCache$EntryFactory                                 : loaded 2 times (x 81B)
Class com.google.common.util.concurrent.UncheckedExecutionException                   : loaded 2 times (x 80B)
Class com.google.common.collect.ImmutableSet                                          : loaded 2 times (x 143B)
Class org.gradle.internal.classloader.VisitableURLClassLoader$InstrumentingVisitableURLClassLoader: loaded 2 times (x 121B)
Class org.gradle.internal.classloader.ClassLoaderHierarchy                            : loaded 2 times (x 68B)
Class com.google.common.io.Closer$Suppressor                                          : loaded 2 times (x 68B)
Class net.rubygrapefruit.platform.internal.LibraryDef                                 : loaded 2 times (x 70B)
Class [Lorg.objectweb.asm.Type;                                                       : loaded 2 times (x 67B)
Class com.google.common.base.AbstractIterator$State                                   : loaded 2 times (x 77B)
Class com.google.common.cache.Weigher                                                 : loaded 2 times (x 68B)
Class com.google.common.base.CharMatcher$NamedFastMatcher                             : loaded 2 times (x 110B)
Class org.gradle.internal.InternalTransformer                                         : loaded 2 times (x 68B)
Class org.gradle.internal.service.ServiceLocator                                      : loaded 2 times (x 68B)
Class Settings_gradle$1                                                               : loaded 2 times (x 72B)
Class net.rubygrapefruit.platform.internal.Platform$Linux                             : loaded 2 times (x 81B)
Class com.google.common.util.concurrent.SettableFuture                                : loaded 2 times (x 95B)
Class net.rubygrapefruit.platform.NativeException                                     : loaded 2 times (x 80B)
Class net.rubygrapefruit.platform.Native                                              : loaded 2 times (x 69B)
Class com.google.common.collect.ImmutableMapEntry                                     : loaded 2 times (x 83B)
Class com.google.common.reflect.Types$ParameterizedTypeImpl                           : loaded 2 times (x 79B)
Class net.rubygrapefruit.platform.internal.Platform$Window32Bit                       : loaded 2 times (x 77B)
Class com.google.common.base.CharMatcher$Invisible                                    : loaded 2 times (x 110B)
Class com.google.common.base.Joiner$1                                                 : loaded 2 times (x 78B)
Class com.google.common.base.Joiner$2                                                 : loaded 2 times (x 77B)
Class com.google.common.reflect.Types$JavaVersion$1                                   : loaded 2 times (x 81B)
Class com.google.common.base.CharMatcher$FastMatcher                                  : loaded 2 times (x 109B)
Class com.google.common.reflect.Types$JavaVersion$2                                   : loaded 2 times (x 81B)
Class com.google.common.reflect.Types$JavaVersion$3                                   : loaded 2 times (x 81B)
Class org.gradle.internal.classpath.DefaultClassPath$ImmutableUniqueList              : loaded 2 times (x 159B)
Class com.google.common.reflect.Types$JavaVersion$4                                   : loaded 2 times (x 81B)
Class com.google.common.reflect.Types$JavaVersion$5                                   : loaded 2 times (x 69B)
Class com.google.common.base.CharMatcher$JavaLetter                                   : loaded 2 times (x 109B)
Class org.gradle.internal.classpath.TransformedClassPath                              : loaded 2 times (x 94B)
Class com.google.common.collect.MapDifference                                         : loaded 2 times (x 68B)
Class com.google.common.reflect.TypeToken$SimpleTypeToken                             : loaded 2 times (x 71B)
Class com.google.common.collect.Sets$1                                                : loaded 2 times (x 137B)
Class com.google.common.collect.Sets$2                                                : loaded 2 times (x 137B)
Class com.google.common.util.concurrent.AbstractFuture$Trusted                        : loaded 2 times (x 68B)
Class com.google.common.collect.Sets$3                                                : loaded 2 times (x 137B)
Class com.google.common.collect.Sets$4                                                : loaded 2 times (x 137B)
Class com.google.common.reflect.Types$NativeTypeVariableEquals                        : loaded 2 times (x 69B)
Class Settings_gradle                                                                 : loaded 2 times (x 126B)
Class org.objectweb.asm.MethodWriter                                                  : loaded 2 times (x 104B)
Class com.google.common.collect.Platform                                              : loaded 2 times (x 69B)
Class com.google.common.collect.ImmutableAsList                                       : loaded 2 times (x 169B)
Class com.google.common.util.concurrent.ExecutionError                                : loaded 2 times (x 80B)
Class com.google.common.base.Equivalence$Identity                                     : loaded 2 times (x 80B)
Class com.google.common.base.CharMatcher$AnyOf                                        : loaded 2 times (x 110B)
Class com.google.common.base.CharMatcher$IsEither                                     : loaded 2 times (x 109B)
Class com.google.common.cache.LocalCache                                              : loaded 2 times (x 185B)
Class com.google.common.collect.RegularImmutableList                                  : loaded 2 times (x 172B)
Class com.google.common.util.concurrent.AbstractFuture$UnsafeAtomicHelper$1           : loaded 2 times (x 74B)
Class com.google.common.base.CharMatcher$JavaUpperCase                                : loaded 2 times (x 109B)
Class com.google.common.collect.Multiset                                              : loaded 2 times (x 68B)
Class com.google.common.collect.ImmutableSet$CachingAsList                            : loaded 2 times (x 145B)
Class com.google.common.reflect.Invokable$ConstructorInvokable                        : loaded 2 times (x 103B)
Class org.objectweb.asm.MethodVisitor                                                 : loaded 2 times (x 103B)
Class com.google.common.collect.AbstractMapBasedMultimap$KeySet$1                     : loaded 2 times (x 80B)
Class com.google.common.collect.ImmutableMapEntry$NonTerminalImmutableMapEntry        : loaded 2 times (x 83B)
Class com.google.common.collect.AbstractMapBasedMultimap                              : loaded 2 times (x 137B)


---------------  S Y S T E M  ---------------

OS:
 Windows 10 , 64 bit Build 19041 (10.0.19041.5915)
OS uptime: 12 days 3:10 hours
Hyper-V role detected

CPU: total 8 (initial active 8) (4 cores per cpu, 2 threads per core) family 6 model 165 stepping 2 microcode 0xfc, cx8, cmov, fxsr, ht, mmx, 3dnowpref, sse, sse2, sse3, ssse3, sse4.1, sse4.2, popcnt, lzcnt, tsc, tscinvbit, avx, avx2, aes, erms, clmul, bmi1, bmi2, adx, fma, vzeroupper, clflush, clflushopt, hv
Processor Information for all 8 processors :
  Max Mhz: 2496, Current Mhz: 2496, Mhz Limit: 2496

Memory: 4k page, system-wide physical 7985M (340M free)
TotalPageFile size 32561M (AvailPageFile size 40M)
current process WorkingSet (physical memory assigned to process): 395M, peak: 440M
current process commit charge ("private bytes"): 529M, peak: 579M

vm_info: OpenJDK 64-Bit Server VM (17.0.10+0--11609105) for windows-amd64 JRE (17.0.10+0--11609105), built on Mar 21 2024 19:10:56 by "androidbuild" with MS VC++ 16.10 / 16.11 (VS2019)

END.
