#
# There is insufficient memory for the Java Runtime Environment to continue.
# Native memory allocation (malloc) failed to allocate 2605520 bytes for Chunk::new
# Possible reasons:
#   The system is out of physical RAM or swap space
#   The process is running with CompressedOops enabled, and the Java Heap may be blocking the growth of the native heap
# Possible solutions:
#   Reduce memory load on the system
#   Increase physical memory or swap space
#   Check if swap backing store is full
#   Decrease Java heap size (-Xmx/-Xms)
#   Decrease number of Java threads
#   Decrease Java thread stack sizes (-Xss)
#   Set larger code cache with -XX:ReservedCodeCacheSize=
#   JVM is running with Unscaled Compressed Oops mode in which the Java heap is
#     placed in the first 4GB address space. The Java Heap base address is the
#     maximum limit for the native heap growth. Please use -XX:HeapBaseMinAddress
#     to set the Java Heap base and to place the Java Heap above 4GB virtual address.
# This output file may be truncated or incomplete.
#
#  Out of Memory Error (arena.cpp:191), pid=62868, tid=1836
#
# JRE version: OpenJDK Runtime Environment (17.0.10) (build 17.0.10+0--11609105)
# Java VM: OpenJDK 64-Bit Server VM (17.0.10+0--11609105, mixed mode, tiered, compressed oops, compressed class ptrs, g1 gc, windows-amd64)
# No core dump will be written. Minidumps are not enabled by default on client versions of Windows
#

---------------  S U M M A R Y ------------

Command Line: --add-opens=java.base/java.util=ALL-UNNAMED --add-opens=java.base/java.lang=ALL-UNNAMED --add-opens=java.base/java.lang.invoke=ALL-UNNAMED --add-opens=java.prefs/java.util.prefs=ALL-UNNAMED --add-opens=java.base/java.nio.charset=ALL-UNNAMED --add-opens=java.base/java.net=ALL-UNNAMED --add-opens=java.base/java.util.concurrent.atomic=ALL-UNNAMED -Xmx2048m -Dfile.encoding=UTF-8 -Duser.country=IN -Duser.language=en -Duser.variant -javaagent:C:\Users\aman2\.gradle\wrapper\dists\gradle-8.7-bin\bhs2wmbdwecv87pi65oeuq5iu\gradle-8.7\lib\agents\gradle-instrumentation-agent-8.7.jar org.gradle.launcher.daemon.bootstrap.GradleDaemon 8.7

Host: Intel(R) Core(TM) i5-10300H CPU @ 2.50GHz, 8 cores, 7G,  Windows 10 , 64 bit Build 19041 (10.0.19041.5915)
Time: Wed Dec 17 22:02:14 2025 India Standard Time elapsed time: 85.508556 seconds (0d 0h 1m 25s)

---------------  T H R E A D  ---------------

Current thread (0x000002a19d98a160):  JavaThread "C2 CompilerThread0" daemon [_thread_in_native, id=1836, stack(0x000000f080100000,0x000000f080200000)]


Current CompileTask:
C2:  85508 16312       4       org.gradle.internal.instantiation.generator.AbstractClassGenerator::inspectType (560 bytes)

Stack: [0x000000f080100000,0x000000f080200000]
Native frames: (J=compiled Java code, j=interpreted, Vv=VM code, C=native code)
V  [jvm.dll+0x688de9]
V  [jvm.dll+0x8423da]
V  [jvm.dll+0x84401e]
V  [jvm.dll+0x844683]
V  [jvm.dll+0x24be0f]
V  [jvm.dll+0xac524]
V  [jvm.dll+0xacb6c]
V  [jvm.dll+0x36bd67]
V  [jvm.dll+0x33615a]
V  [jvm.dll+0x3355fa]
V  [jvm.dll+0x21daa1]
V  [jvm.dll+0x21cec1]
V  [jvm.dll+0x1a60ad]
V  [jvm.dll+0x22cd78]
V  [jvm.dll+0x22aeb0]
V  [jvm.dll+0x7f6877]
V  [jvm.dll+0x7f0c7a]
V  [jvm.dll+0x687c65]
C  [ucrtbase.dll+0x21bb2]
C  [KERNEL32.DLL+0x17374]
C  [ntdll.dll+0x4cc91]


---------------  P R O C E S S  ---------------

Threads class SMR info:
_java_thread_list=0x000002a1ac1c2c60, length=95, elements={
0x000002a1819a7880, 0x000002a19d963620, 0x000002a19d965500, 0x000002a19d983eb0,
0x000002a19d9877a0, 0x000002a19d988070, 0x000002a19d988940, 0x000002a19d98a160,
0x000002a19d98af30, 0x000002a19d98d850, 0x000002a19dac4430, 0x000002a19dbd08d0,
0x000002a1a35272d0, 0x000002a1a46b4600, 0x000002a1a2a6a740, 0x000002a1a34eb190,
0x000002a1a35dc6d0, 0x000002a1a35dfe80, 0x000002a1a35de530, 0x000002a1a35ddb10,
0x000002a1a5597ee0, 0x000002a1a5599320, 0x000002a1a5599830, 0x000002a1a43b4ce0,
0x000002a1a654bab0, 0x000002a1a65478e0, 0x000002a1a654c4d0, 0x000002a1a65473d0,
0x000002a1a654b5a0, 0x000002a1a654bfc0, 0x000002a1a6547df0, 0x000002a1a6548300,
0x000002a1a6545f90, 0x000002a1a6548d20, 0x000002a1a6548810, 0x000002a1a6549230,
0x000002a1a65464a0, 0x000002a1a6549740, 0x000002a1a6549c50, 0x000002a1a654c9e0,
0x000002a1a654a160, 0x000002a1a654a670, 0x000002a1a654ab80, 0x000002a1a654b090,
0x000002a1a6545570, 0x000002a1a6f76ab0, 0x000002a1a6f7a770, 0x000002a1a6f75160,
0x000002a1a6f79840, 0x000002a1a6f76090, 0x000002a1a6f779e0, 0x000002a1a6f77ef0,
0x000002a1a6f75670, 0x000002a1a6f75b80, 0x000002a1a6f73d20, 0x000002a1a6f78e20,
0x000002a1a6f76fc0, 0x000002a1a6f78400, 0x000002a1a6f78910, 0x000002a1a6f74230,
0x000002a1a6f7ac80, 0x000002a1a6f774d0, 0x000002a1a6f79d50, 0x000002a1a6f7b190,
0x000002a1a6f74740, 0x000002a1a6f7b6a0, 0x000002a1a559a250, 0x000002a1a5595150,
0x000002a1a5595660, 0x000002a1a5598900, 0x000002a1a5594730, 0x000002a1a5593800,
0x000002a1a5594220, 0x000002a1a5596aa0, 0x000002a1a5594c40, 0x000002a1a5595b70,
0x000002a1a5596080, 0x000002a1a5596590, 0x000002a1a559ac70, 0x000002a1a5596fb0,
0x000002a1a6d814a0, 0x000002a1a6d819b0, 0x000002a1a6d83300, 0x000002a1a6d81ec0,
0x000002a1a6d823d0, 0x000002a1a6d80570, 0x000002a1a6d80a80, 0x000002a1a6d82df0,
0x000002a1a6d83810, 0x000002a1a6d80060, 0x000002a1a75a8f80, 0x000002a1a75a8a70,
0x000002a1a75a9490, 0x000002a1a75a6c10, 0x000002a1a75a7630
}

Java Threads: ( => current thread )
  0x000002a1819a7880 JavaThread "main" [_thread_blocked, id=58344, stack(0x000000f0ff400000,0x000000f0ff500000)]
  0x000002a19d963620 JavaThread "Reference Handler" daemon [_thread_blocked, id=62496, stack(0x000000f0ffb00000,0x000000f0ffc00000)]
  0x000002a19d965500 JavaThread "Finalizer" daemon [_thread_blocked, id=60924, stack(0x000000f0ffc00000,0x000000f0ffd00000)]
  0x000002a19d983eb0 JavaThread "Signal Dispatcher" daemon [_thread_blocked, id=48264, stack(0x000000f0ffd00000,0x000000f0ffe00000)]
  0x000002a19d9877a0 JavaThread "Attach Listener" daemon [_thread_blocked, id=56532, stack(0x000000f0ffe00000,0x000000f0fff00000)]
  0x000002a19d988070 JavaThread "Service Thread" daemon [_thread_blocked, id=40968, stack(0x000000f0fff00000,0x000000f100000000)]
  0x000002a19d988940 JavaThread "Monitor Deflation Thread" daemon [_thread_blocked, id=45752, stack(0x000000f080000000,0x000000f080100000)]
=>0x000002a19d98a160 JavaThread "C2 CompilerThread0" daemon [_thread_in_native, id=1836, stack(0x000000f080100000,0x000000f080200000)]
  0x000002a19d98af30 JavaThread "C1 CompilerThread0" daemon [_thread_blocked, id=61044, stack(0x000000f080200000,0x000000f080300000)]
  0x000002a19d98d850 JavaThread "Sweeper thread" daemon [_thread_blocked, id=63768, stack(0x000000f080300000,0x000000f080400000)]
  0x000002a19dac4430 JavaThread "Common-Cleaner" daemon [_thread_blocked, id=65936, stack(0x000000f080400000,0x000000f080500000)]
  0x000002a19dbd08d0 JavaThread "Notification Thread" daemon [_thread_blocked, id=16692, stack(0x000000f080500000,0x000000f080600000)]
  0x000002a1a35272d0 JavaThread "Daemon health stats" [_thread_blocked, id=65868, stack(0x000000f080b00000,0x000000f080c00000)]
  0x000002a1a46b4600 JavaThread "Incoming local TCP Connector on port 61095" [_thread_in_native, id=59884, stack(0x000000f080c00000,0x000000f080d00000)]
  0x000002a1a2a6a740 JavaThread "Daemon periodic checks" [_thread_blocked, id=64800, stack(0x000000f080e00000,0x000000f080f00000)]
  0x000002a1a34eb190 JavaThread "Daemon" [_thread_blocked, id=19176, stack(0x000000f080f00000,0x000000f081000000)]
  0x000002a1a35dc6d0 JavaThread "Daemon worker" [_thread_blocked, id=32704, stack(0x000000f081200000,0x000000f081300000)]
  0x000002a1a35dfe80 JavaThread "Cache worker for journal cache (C:\Users\aman2\.gradle\caches\journal-1)" [_thread_blocked, id=53736, stack(0x000000f081a00000,0x000000f081b00000)]
  0x000002a1a35de530 JavaThread "File lock request listener" [_thread_in_native, id=63588, stack(0x000000f081b00000,0x000000f081c00000)]
  0x000002a1a35ddb10 JavaThread "Cache worker for file hash cache (C:\Users\aman2\.gradle\caches\8.7\fileHashes)" [_thread_blocked, id=63148, stack(0x000000f081c00000,0x000000f081d00000)]
  0x000002a1a5597ee0 JavaThread "File watcher server" daemon [_thread_in_native, id=63872, stack(0x000000f081e00000,0x000000f081f00000)]
  0x000002a1a5599320 JavaThread "File watcher consumer" daemon [_thread_blocked, id=50768, stack(0x000000f081f00000,0x000000f082000000)]
  0x000002a1a5599830 JavaThread "Cache worker for file content cache (C:\Users\aman2\.gradle\caches\8.7\fileContent)" [_thread_blocked, id=8656, stack(0x000000f082300000,0x000000f082400000)]
  0x000002a1a43b4ce0 JavaThread "Memory manager" [_thread_blocked, id=21020, stack(0x000000f083500000,0x000000f083600000)]
  0x000002a1a654bab0 JavaThread "Handler for socket connection from /127.0.0.1:61095 to /127.0.0.1:61170" [_thread_in_native, id=5368, stack(0x000000f081300000,0x000000f081400000)]
  0x000002a1a65478e0 JavaThread "Cancel handler" [_thread_blocked, id=39192, stack(0x000000f081400000,0x000000f081500000)]
  0x000002a1a654c4d0 JavaThread "Asynchronous log dispatcher for DefaultDaemonConnection: socket connection from /127.0.0.1:61095 to /127.0.0.1:61170" [_thread_blocked, id=64196, stack(0x000000f081500000,0x000000f081600000)]
  0x000002a1a65473d0 JavaThread "Stdin handler" [_thread_blocked, id=16748, stack(0x000000f081d00000,0x000000f081e00000)]
  0x000002a1a654b5a0 JavaThread "Daemon client event forwarder" [_thread_blocked, id=65600, stack(0x000000f082000000,0x000000f082100000)]
  0x000002a1a654bfc0 JavaThread "Cache worker for file hash cache (C:\Users\aman2\Desktop\Payplit\PayPlit\PayPlitApp\.gradle\8.7\fileHashes)" [_thread_blocked, id=68312, stack(0x000000f082100000,0x000000f082200000)]
  0x000002a1a6547df0 JavaThread "Cache worker for checksums cache (C:\Users\aman2\Desktop\Payplit\PayPlit\PayPlitApp\.gradle\8.7\checksums)" [_thread_blocked, id=56584, stack(0x000000f082200000,0x000000f082300000)]
  0x000002a1a6548300 JavaThread "Cache worker for cache directory md-supplier (C:\Users\aman2\.gradle\caches\8.7\md-supplier)" [_thread_blocked, id=66992, stack(0x000000f082400000,0x000000f082500000)]
  0x000002a1a6545f90 JavaThread "Cache worker for cache directory md-rule (C:\Users\aman2\.gradle\caches\8.7\md-rule)" [_thread_blocked, id=48420, stack(0x000000f082600000,0x000000f082700000)]
  0x000002a1a6548d20 JavaThread "Cache worker for Build Output Cleanup Cache (C:\Users\aman2\Desktop\Payplit\PayPlit\PayPlitApp\.gradle\buildOutputCleanup)" [_thread_blocked, id=12996, stack(0x000000f082700000,0x000000f082800000)]
  0x000002a1a6548810 JavaThread "Unconstrained build operations" [_thread_blocked, id=71364, stack(0x000000f082800000,0x000000f082900000)]
  0x000002a1a6549230 JavaThread "Unconstrained build operations Thread 2" [_thread_blocked, id=58556, stack(0x000000f082900000,0x000000f082a00000)]
  0x000002a1a65464a0 JavaThread "Unconstrained build operations Thread 3" [_thread_blocked, id=19256, stack(0x000000f082a00000,0x000000f082b00000)]
  0x000002a1a6549740 JavaThread "Unconstrained build operations Thread 4" [_thread_blocked, id=22368, stack(0x000000f082b00000,0x000000f082c00000)]
  0x000002a1a6549c50 JavaThread "Unconstrained build operations Thread 5" [_thread_blocked, id=62284, stack(0x000000f082c00000,0x000000f082d00000)]
  0x000002a1a654c9e0 JavaThread "Unconstrained build operations Thread 6" [_thread_blocked, id=70080, stack(0x000000f082d00000,0x000000f082e00000)]
  0x000002a1a654a160 JavaThread "Unconstrained build operations Thread 7" [_thread_blocked, id=70108, stack(0x000000f082e00000,0x000000f082f00000)]
  0x000002a1a654a670 JavaThread "build event listener" [_thread_blocked, id=40900, stack(0x000000f082f00000,0x000000f083000000)]
  0x000002a1a654ab80 JavaThread "build event listener" [_thread_blocked, id=71360, stack(0x000000f083000000,0x000000f083100000)]
  0x000002a1a654b090 JavaThread "included builds" [_thread_blocked, id=20816, stack(0x000000f083100000,0x000000f083200000)]
  0x000002a1a6545570 JavaThread "Execution worker" [_thread_blocked, id=60904, stack(0x000000f083200000,0x000000f083300000)]
  0x000002a1a6f76ab0 JavaThread "Execution worker Thread 2" [_thread_blocked, id=58088, stack(0x000000f083300000,0x000000f083400000)]
  0x000002a1a6f7a770 JavaThread "Execution worker Thread 3" [_thread_blocked, id=54640, stack(0x000000f083400000,0x000000f083500000)]
  0x000002a1a6f75160 JavaThread "Execution worker Thread 4" [_thread_blocked, id=22280, stack(0x000000f083700000,0x000000f083800000)]
  0x000002a1a6f79840 JavaThread "Execution worker Thread 5" [_thread_blocked, id=51932, stack(0x000000f083800000,0x000000f083900000)]
  0x000002a1a6f76090 JavaThread "Execution worker Thread 6" [_thread_blocked, id=36968, stack(0x000000f083900000,0x000000f083a00000)]
  0x000002a1a6f779e0 JavaThread "Execution worker Thread 7" [_thread_blocked, id=68368, stack(0x000000f083a00000,0x000000f083b00000)]
  0x000002a1a6f77ef0 JavaThread "Cache worker for execution history cache (C:\Users\aman2\Desktop\Payplit\PayPlit\PayPlitApp\.gradle\8.7\executionHistory)" [_thread_blocked, id=58204, stack(0x000000f083b00000,0x000000f083c00000)]
  0x000002a1a6f75670 JavaThread "Unconstrained build operations Thread 8" [_thread_blocked, id=4680, stack(0x000000f083c00000,0x000000f083d00000)]
  0x000002a1a6f75b80 JavaThread "Unconstrained build operations Thread 9" [_thread_blocked, id=72172, stack(0x000000f083d00000,0x000000f083e00000)]
  0x000002a1a6f73d20 JavaThread "Unconstrained build operations Thread 10" [_thread_blocked, id=47376, stack(0x000000f083e00000,0x000000f083f00000)]
  0x000002a1a6f78e20 JavaThread "Unconstrained build operations Thread 11" [_thread_blocked, id=69272, stack(0x000000f083f00000,0x000000f084000000)]
  0x000002a1a6f76fc0 JavaThread "Unconstrained build operations Thread 12" [_thread_blocked, id=54604, stack(0x000000f084000000,0x000000f084100000)]
  0x000002a1a6f78400 JavaThread "Unconstrained build operations Thread 13" [_thread_blocked, id=64744, stack(0x000000f084100000,0x000000f084200000)]
  0x000002a1a6f78910 JavaThread "Unconstrained build operations Thread 14" [_thread_blocked, id=45084, stack(0x000000f084200000,0x000000f084300000)]
  0x000002a1a6f74230 JavaThread "Unconstrained build operations Thread 15" [_thread_blocked, id=22404, stack(0x000000f084300000,0x000000f084400000)]
  0x000002a1a6f7ac80 JavaThread "Unconstrained build operations Thread 16" [_thread_blocked, id=70148, stack(0x000000f084400000,0x000000f084500000)]
  0x000002a1a6f774d0 JavaThread "Unconstrained build operations Thread 17" [_thread_blocked, id=63104, stack(0x000000f084500000,0x000000f084600000)]
  0x000002a1a6f79d50 JavaThread "Unconstrained build operations Thread 18" [_thread_blocked, id=4572, stack(0x000000f084600000,0x000000f084700000)]
  0x000002a1a6f7b190 JavaThread "Unconstrained build operations Thread 19" [_thread_blocked, id=26096, stack(0x000000f084700000,0x000000f084800000)]
  0x000002a1a6f74740 JavaThread "Unconstrained build operations Thread 20" [_thread_blocked, id=21472, stack(0x000000f084800000,0x000000f084900000)]
  0x000002a1a6f7b6a0 JavaThread "Unconstrained build operations Thread 21" [_thread_blocked, id=9476, stack(0x000000f084900000,0x000000f084a00000)]
  0x000002a1a559a250 JavaThread "Unconstrained build operations Thread 22" [_thread_blocked, id=65452, stack(0x000000f084a00000,0x000000f084b00000)]
  0x000002a1a5595150 JavaThread "Unconstrained build operations Thread 23" [_thread_blocked, id=64528, stack(0x000000f084b00000,0x000000f084c00000)]
  0x000002a1a5595660 JavaThread "Unconstrained build operations Thread 24" [_thread_blocked, id=52464, stack(0x000000f084c00000,0x000000f084d00000)]
  0x000002a1a5598900 JavaThread "Unconstrained build operations Thread 25" [_thread_blocked, id=58884, stack(0x000000f084d00000,0x000000f084e00000)]
  0x000002a1a5594730 JavaThread "WorkerExecutor Queue" [_thread_blocked, id=53868, stack(0x000000f084e00000,0x000000f084f00000)]
  0x000002a1a5593800 JavaThread "Unconstrained build operations Thread 26" [_thread_blocked, id=60892, stack(0x000000f085000000,0x000000f085100000)]
  0x000002a1a5594220 JavaThread "Unconstrained build operations Thread 27" [_thread_blocked, id=27312, stack(0x000000f085100000,0x000000f085200000)]
  0x000002a1a5596aa0 JavaThread "Unconstrained build operations Thread 28" [_thread_blocked, id=63404, stack(0x000000f085200000,0x000000f085300000)]
  0x000002a1a5594c40 JavaThread "Unconstrained build operations Thread 29" [_thread_blocked, id=59356, stack(0x000000f085300000,0x000000f085400000)]
  0x000002a1a5595b70 JavaThread "RMI Scheduler(0)" daemon [_thread_blocked, id=66692, stack(0x000000f080d00000,0x000000f080e00000)]
  0x000002a1a5596080 JavaThread "RMI GC Daemon" daemon [_thread_blocked, id=64248, stack(0x000000f084f00000,0x000000f085000000)]
  0x000002a1a5596590 JavaThread "RMI TCP Accept-0" daemon [_thread_in_native, id=49580, stack(0x000000f085500000,0x000000f085600000)]
  0x000002a1a559ac70 JavaThread "RMI Reaper" [_thread_blocked, id=55204, stack(0x000000f085600000,0x000000f085700000)]
  0x000002a1a5596fb0 JavaThread "RMI TCP Connection(1)-127.0.0.1" daemon [_thread_in_native, id=56008, stack(0x000000f085700000,0x000000f085800000)]
  0x000002a1a6d814a0 JavaThread "Unconstrained build operations Thread 30" [_thread_blocked, id=59620, stack(0x000000f085400000,0x000000f085500000)]
  0x000002a1a6d819b0 JavaThread "Unconstrained build operations Thread 31" [_thread_blocked, id=3140, stack(0x000000f085800000,0x000000f085900000)]
  0x000002a1a6d83300 JavaThread "Unconstrained build operations Thread 32" [_thread_blocked, id=57320, stack(0x000000f085900000,0x000000f085a00000)]
  0x000002a1a6d81ec0 JavaThread "Unconstrained build operations Thread 33" [_thread_blocked, id=54044, stack(0x000000f085a00000,0x000000f085b00000)]
  0x000002a1a6d823d0 JavaThread "Unconstrained build operations Thread 34" [_thread_blocked, id=63184, stack(0x000000f085b00000,0x000000f085c00000)]
  0x000002a1a6d80570 JavaThread "Unconstrained build operations Thread 35" [_thread_blocked, id=56764, stack(0x000000f085c00000,0x000000f085d00000)]
  0x000002a1a6d80a80 JavaThread "Unconstrained build operations Thread 36" [_thread_blocked, id=70984, stack(0x000000f085d00000,0x000000f085e00000)]
  0x000002a1a6d82df0 JavaThread "WorkerExecutor Queue Thread 2" [_thread_blocked, id=68216, stack(0x000000f085e00000,0x000000f085f00000)]
  0x000002a1a6d83810 JavaThread "WorkerExecutor Queue Thread 3" [_thread_blocked, id=69496, stack(0x000000f085f00000,0x000000f086000000)]
  0x000002a1a6d80060 JavaThread "WorkerExecutor Queue Thread 4" [_thread_blocked, id=25516, stack(0x000000f086000000,0x000000f086100000)]
  0x000002a1a75a8f80 JavaThread "WorkerExecutor Queue Thread 5" [_thread_blocked, id=11868, stack(0x000000f086100000,0x000000f086200000)]
  0x000002a1a75a8a70 JavaThread "WorkerExecutor Queue Thread 6" [_thread_blocked, id=14312, stack(0x000000f086200000,0x000000f086300000)]
  0x000002a1a75a9490 JavaThread "WorkerExecutor Queue Thread 7" [_thread_blocked, id=19084, stack(0x000000f086300000,0x000000f086400000)]
  0x000002a1a75a6c10 JavaThread "WorkerExecutor Queue Thread 8" [_thread_blocked, id=65012, stack(0x000000f086400000,0x000000f086500000)]
  0x000002a1a75a7630 JavaThread "WorkerExecutor Queue Thread 9" [_thread_in_vm, id=51136, stack(0x000000f086500000,0x000000f086600000)]

Other Threads:
  0x000002a19d818af0 VMThread "VM Thread" [stack: 0x000000f0ffa00000,0x000000f0ffb00000] [id=64272]
  0x000002a1819a8650 WatcherThread [stack: 0x000000f080600000,0x000000f080700000] [id=29756]
  0x000002a1818de790 GCTaskThread "GC Thread#0" [stack: 0x000000f0ff500000,0x000000f0ff600000] [id=56676]
  0x000002a1a2b21ba0 GCTaskThread "GC Thread#1" [stack: 0x000000f080700000,0x000000f080800000] [id=55252]
  0x000002a1a27cb1a0 GCTaskThread "GC Thread#2" [stack: 0x000000f080800000,0x000000f080900000] [id=35192]
  0x000002a1a2b114d0 GCTaskThread "GC Thread#3" [stack: 0x000000f080900000,0x000000f080a00000] [id=35000]
  0x000002a1a2ac83a0 GCTaskThread "GC Thread#4" [stack: 0x000000f080a00000,0x000000f080b00000] [id=21144]
  0x000002a1a3d5a2f0 GCTaskThread "GC Thread#5" [stack: 0x000000f081600000,0x000000f081700000] [id=43712]
  0x000002a1a2c29a00 GCTaskThread "GC Thread#6" [stack: 0x000000f081700000,0x000000f081800000] [id=67460]
  0x000002a1a3790d40 GCTaskThread "GC Thread#7" [stack: 0x000000f081800000,0x000000f081900000] [id=52268]
  0x000002a181a0f830 ConcurrentGCThread "G1 Main Marker" [stack: 0x000000f0ff600000,0x000000f0ff700000] [id=49540]
  0x000002a181a10900 ConcurrentGCThread "G1 Conc#0" [stack: 0x000000f0ff700000,0x000000f0ff800000] [id=66172]
  0x000002a1a42bfad0 ConcurrentGCThread "G1 Conc#1" [stack: 0x000000f081900000,0x000000f081a00000] [id=44940]
  0x000002a19d66e520 ConcurrentGCThread "G1 Refine#0" [stack: 0x000000f0ff800000,0x000000f0ff900000] [id=12564]
  0x000002a19d66ee60 ConcurrentGCThread "G1 Service" [stack: 0x000000f0ff900000,0x000000f0ffa00000] [id=67000]

Threads with active compile tasks:
C2 CompilerThread0    85544 16312       4       org.gradle.internal.instantiation.generator.AbstractClassGenerator::inspectType (560 bytes)

VM state: not at safepoint (normal execution)

VM Mutex/Monitor currently owned by a thread: None

Heap address: 0x0000000080000000, size: 2048 MB, Compressed Oops mode: 32-bit

CDS archive(s) not mapped
Compressed class space mapped at: 0x0000000100000000-0x0000000140000000, reserved size: 1073741824
Narrow klass base: 0x0000000000000000, Narrow klass shift: 3, Narrow klass range: 0x140000000

GC Precious Log:
 CPUs: 8 total, 8 available
 Memory: 7985M
 Large Page Support: Disabled
 NUMA Support: Disabled
 Compressed Oops: Enabled (32-bit)
 Heap Region Size: 1M
 Heap Min Capacity: 8M
 Heap Initial Capacity: 126M
 Heap Max Capacity: 2G
 Pre-touch: Disabled
 Parallel Workers: 8
 Concurrent Workers: 2
 Concurrent Refinement Workers: 8
 Periodic GC: Disabled

Heap:
 garbage-first heap   total 263168K, used 162218K [0x0000000080000000, 0x0000000100000000)
  region size 1024K, 37 young (37888K), 2 survivors (2048K)
 Metaspace       used 130064K, committed 131008K, reserved 1179648K
  class space    used 18223K, committed 18688K, reserved 1048576K

Heap Regions: E=young(eden), S=young(survivor), O=old, HS=humongous(starts), HC=humongous(continues), CS=collection set, F=free, OA=open archive, CA=closed archive, TAMS=top-at-mark-start (previous, next)
|   0|0x0000000080000000, 0x0000000080100000, 0x0000000080100000|100%|HS|  |TAMS 0x0000000080100000, 0x0000000080000000| Complete 
|   1|0x0000000080100000, 0x0000000080200000, 0x0000000080200000|100%|HC|  |TAMS 0x0000000080200000, 0x0000000080100000| Complete 
|   2|0x0000000080200000, 0x0000000080300000, 0x0000000080300000|100%|HC|  |TAMS 0x0000000080300000, 0x0000000080200000| Complete 
|   3|0x0000000080300000, 0x0000000080400000, 0x0000000080400000|100%|HC|  |TAMS 0x0000000080400000, 0x0000000080300000| Complete 
|   4|0x0000000080400000, 0x0000000080500000, 0x0000000080500000|100%| O|  |TAMS 0x0000000080500000, 0x0000000080400000| Untracked 
|   5|0x0000000080500000, 0x0000000080600000, 0x0000000080600000|100%| O|  |TAMS 0x0000000080600000, 0x0000000080500000| Untracked 
|   6|0x0000000080600000, 0x0000000080700000, 0x0000000080700000|100%| O|  |TAMS 0x0000000080700000, 0x0000000080600000| Untracked 
|   7|0x0000000080700000, 0x0000000080800000, 0x0000000080800000|100%| O|  |TAMS 0x0000000080800000, 0x0000000080700000| Untracked 
|   8|0x0000000080800000, 0x0000000080900000, 0x0000000080900000|100%| O|  |TAMS 0x0000000080900000, 0x0000000080800000| Untracked 
|   9|0x0000000080900000, 0x0000000080a00000, 0x0000000080a00000|100%| O|  |TAMS 0x0000000080a00000, 0x0000000080900000| Untracked 
|  10|0x0000000080a00000, 0x0000000080b00000, 0x0000000080b00000|100%| O|  |TAMS 0x0000000080b00000, 0x0000000080a00000| Untracked 
|  11|0x0000000080b00000, 0x0000000080c00000, 0x0000000080c00000|100%| O|  |TAMS 0x0000000080c00000, 0x0000000080b00000| Untracked 
|  12|0x0000000080c00000, 0x0000000080d00000, 0x0000000080d00000|100%| O|  |TAMS 0x0000000080d00000, 0x0000000080c00000| Untracked 
|  13|0x0000000080d00000, 0x0000000080e00000, 0x0000000080e00000|100%| O|  |TAMS 0x0000000080e00000, 0x0000000080d00000| Untracked 
|  14|0x0000000080e00000, 0x0000000080f00000, 0x0000000080f00000|100%| O|  |TAMS 0x0000000080f00000, 0x0000000080e00000| Untracked 
|  15|0x0000000080f00000, 0x0000000081000000, 0x0000000081000000|100%| O|  |TAMS 0x0000000081000000, 0x0000000080f00000| Untracked 
|  16|0x0000000081000000, 0x0000000081100000, 0x0000000081100000|100%| O|  |TAMS 0x0000000081100000, 0x0000000081000000| Untracked 
|  17|0x0000000081100000, 0x0000000081200000, 0x0000000081200000|100%| O|  |TAMS 0x0000000081200000, 0x0000000081100000| Untracked 
|  18|0x0000000081200000, 0x0000000081300000, 0x0000000081300000|100%| O|  |TAMS 0x0000000081300000, 0x0000000081200000| Untracked 
|  19|0x0000000081300000, 0x0000000081400000, 0x0000000081400000|100%| O|  |TAMS 0x0000000081400000, 0x0000000081300000| Untracked 
|  20|0x0000000081400000, 0x0000000081500000, 0x0000000081500000|100%| O|  |TAMS 0x0000000081500000, 0x0000000081400000| Untracked 
|  21|0x0000000081500000, 0x0000000081600000, 0x0000000081600000|100%| O|  |TAMS 0x0000000081600000, 0x0000000081500000| Untracked 
|  22|0x0000000081600000, 0x0000000081700000, 0x0000000081700000|100%| O|  |TAMS 0x0000000081700000, 0x0000000081600000| Untracked 
|  23|0x0000000081700000, 0x0000000081800000, 0x0000000081800000|100%| O|  |TAMS 0x0000000081800000, 0x0000000081700000| Untracked 
|  24|0x0000000081800000, 0x0000000081900000, 0x0000000081900000|100%| O|  |TAMS 0x0000000081900000, 0x0000000081800000| Untracked 
|  25|0x0000000081900000, 0x0000000081a00000, 0x0000000081a00000|100%| O|  |TAMS 0x0000000081a00000, 0x0000000081900000| Untracked 
|  26|0x0000000081a00000, 0x0000000081b00000, 0x0000000081b00000|100%| O|  |TAMS 0x0000000081b00000, 0x0000000081a00000| Untracked 
|  27|0x0000000081b00000, 0x0000000081c00000, 0x0000000081c00000|100%|HS|  |TAMS 0x0000000081c00000, 0x0000000081b00000| Complete 
|  28|0x0000000081c00000, 0x0000000081d00000, 0x0000000081d00000|100%| O|  |TAMS 0x0000000081d00000, 0x0000000081c00000| Untracked 
|  29|0x0000000081d00000, 0x0000000081e00000, 0x0000000081e00000|100%| O|  |TAMS 0x0000000081e00000, 0x0000000081d00000| Untracked 
|  30|0x0000000081e00000, 0x0000000081f00000, 0x0000000081f00000|100%|HS|  |TAMS 0x0000000081f00000, 0x0000000081e00000| Complete 
|  31|0x0000000081f00000, 0x0000000082000000, 0x0000000082000000|100%| O|  |TAMS 0x0000000082000000, 0x0000000081f00000| Untracked 
|  32|0x0000000082000000, 0x0000000082100000, 0x0000000082100000|100%| O|  |TAMS 0x0000000082100000, 0x0000000082000000| Untracked 
|  33|0x0000000082100000, 0x0000000082200000, 0x0000000082200000|100%| O|  |TAMS 0x0000000082200000, 0x0000000082100000| Untracked 
|  34|0x0000000082200000, 0x0000000082300000, 0x0000000082300000|100%| O|  |TAMS 0x0000000082300000, 0x0000000082200000| Untracked 
|  35|0x0000000082300000, 0x0000000082400000, 0x0000000082400000|100%| O|  |TAMS 0x0000000082400000, 0x0000000082300000| Untracked 
|  36|0x0000000082400000, 0x0000000082500000, 0x0000000082500000|100%| O|  |TAMS 0x0000000082500000, 0x0000000082400000| Untracked 
|  37|0x0000000082500000, 0x0000000082500000, 0x0000000082600000|  0%| F|  |TAMS 0x0000000082500000, 0x0000000082500000| Untracked 
|  38|0x0000000082600000, 0x0000000082600000, 0x0000000082700000|  0%| F|  |TAMS 0x0000000082600000, 0x0000000082600000| Untracked 
|  39|0x0000000082700000, 0x0000000082700000, 0x0000000082800000|  0%| F|  |TAMS 0x0000000082700000, 0x0000000082700000| Untracked 
|  40|0x0000000082800000, 0x0000000082800000, 0x0000000082900000|  0%| F|  |TAMS 0x0000000082800000, 0x0000000082800000| Untracked 
|  41|0x0000000082900000, 0x0000000082900000, 0x0000000082a00000|  0%| F|  |TAMS 0x0000000082900000, 0x0000000082900000| Untracked 
|  42|0x0000000082a00000, 0x0000000082b00000, 0x0000000082b00000|100%|HS|  |TAMS 0x0000000082b00000, 0x0000000082a00000| Complete 
|  43|0x0000000082b00000, 0x0000000082c00000, 0x0000000082c00000|100%|HS|  |TAMS 0x0000000082c00000, 0x0000000082b00000| Complete 
|  44|0x0000000082c00000, 0x0000000082d00000, 0x0000000082d00000|100%|HC|  |TAMS 0x0000000082d00000, 0x0000000082c00000| Complete 
|  45|0x0000000082d00000, 0x0000000082e00000, 0x0000000082e00000|100%|HS|  |TAMS 0x0000000082e00000, 0x0000000082d00000| Complete 
|  46|0x0000000082e00000, 0x0000000082f00000, 0x0000000082f00000|100%|HC|  |TAMS 0x0000000082f00000, 0x0000000082e00000| Complete 
|  47|0x0000000082f00000, 0x0000000083000000, 0x0000000083000000|100%|HS|  |TAMS 0x0000000083000000, 0x0000000082f00000| Complete 
|  48|0x0000000083000000, 0x0000000083100000, 0x0000000083100000|100%|HS|  |TAMS 0x0000000083100000, 0x0000000083000000| Complete 
|  49|0x0000000083100000, 0x0000000083200000, 0x0000000083200000|100%|HC|  |TAMS 0x0000000083200000, 0x0000000083100000| Complete 
|  50|0x0000000083200000, 0x0000000083300000, 0x0000000083300000|100%|HC|  |TAMS 0x0000000083300000, 0x0000000083200000| Complete 
|  51|0x0000000083300000, 0x0000000083400000, 0x0000000083400000|100%|HC|  |TAMS 0x0000000083400000, 0x0000000083300000| Complete 
|  52|0x0000000083400000, 0x0000000083500000, 0x0000000083500000|100%|HS|  |TAMS 0x0000000083500000, 0x0000000083400000| Complete 
|  53|0x0000000083500000, 0x0000000083600000, 0x0000000083600000|100%| O|  |TAMS 0x0000000083600000, 0x0000000083500000| Untracked 
|  54|0x0000000083600000, 0x0000000083700000, 0x0000000083700000|100%|HS|  |TAMS 0x0000000083700000, 0x0000000083600000| Complete 
|  55|0x0000000083700000, 0x0000000083800000, 0x0000000083800000|100%| O|  |TAMS 0x0000000083800000, 0x0000000083700000| Untracked 
|  56|0x0000000083800000, 0x0000000083900000, 0x0000000083900000|100%| O|  |TAMS 0x0000000083900000, 0x0000000083800000| Untracked 
|  57|0x0000000083900000, 0x0000000083a00000, 0x0000000083a00000|100%| O|  |TAMS 0x0000000083a00000, 0x0000000083900000| Untracked 
|  58|0x0000000083a00000, 0x0000000083b00000, 0x0000000083b00000|100%| O|  |TAMS 0x0000000083b00000, 0x0000000083a00000| Untracked 
|  59|0x0000000083b00000, 0x0000000083c00000, 0x0000000083c00000|100%| O|  |TAMS 0x0000000083c00000, 0x0000000083b00000| Untracked 
|  60|0x0000000083c00000, 0x0000000083d00000, 0x0000000083d00000|100%| O|  |TAMS 0x0000000083d00000, 0x0000000083c00000| Untracked 
|  61|0x0000000083d00000, 0x0000000083d00000, 0x0000000083e00000|  0%| F|  |TAMS 0x0000000083d00000, 0x0000000083d00000| Untracked 
|  62|0x0000000083e00000, 0x0000000083e00000, 0x0000000083f00000|  0%| F|  |TAMS 0x0000000083e00000, 0x0000000083e00000| Untracked 
|  63|0x0000000083f00000, 0x0000000084000000, 0x0000000084000000|100%| O|  |TAMS 0x0000000084000000, 0x0000000083f00000| Untracked 
|  64|0x0000000084000000, 0x0000000084100000, 0x0000000084100000|100%| O|  |TAMS 0x0000000084100000, 0x0000000084000000| Untracked 
|  65|0x0000000084100000, 0x0000000084200000, 0x0000000084200000|100%|HS|  |TAMS 0x0000000084200000, 0x0000000084100000| Complete 
|  66|0x0000000084200000, 0x0000000084300000, 0x0000000084300000|100%| O|  |TAMS 0x0000000084300000, 0x0000000084200000| Untracked 
|  67|0x0000000084300000, 0x0000000084300000, 0x0000000084400000|  0%| F|  |TAMS 0x0000000084300000, 0x0000000084300000| Untracked 
|  68|0x0000000084400000, 0x0000000084500000, 0x0000000084500000|100%| O|  |TAMS 0x0000000084500000, 0x0000000084400000| Untracked 
|  69|0x0000000084500000, 0x0000000084600000, 0x0000000084600000|100%| O|  |TAMS 0x0000000084600000, 0x0000000084500000| Untracked 
|  70|0x0000000084600000, 0x0000000084700000, 0x0000000084700000|100%| O|  |TAMS 0x0000000084700000, 0x0000000084600000| Untracked 
|  71|0x0000000084700000, 0x0000000084800000, 0x0000000084800000|100%| O|  |TAMS 0x0000000084800000, 0x0000000084700000| Untracked 
|  72|0x0000000084800000, 0x0000000084900000, 0x0000000084900000|100%| O|  |TAMS 0x0000000084900000, 0x0000000084800000| Untracked 
|  73|0x0000000084900000, 0x0000000084a00000, 0x0000000084a00000|100%| O|  |TAMS 0x0000000084a00000, 0x0000000084900000| Untracked 
|  74|0x0000000084a00000, 0x0000000084b00000, 0x0000000084b00000|100%|HS|  |TAMS 0x0000000084b00000, 0x0000000084a00000| Complete 
|  75|0x0000000084b00000, 0x0000000084c00000, 0x0000000084c00000|100%|HC|  |TAMS 0x0000000084c00000, 0x0000000084b00000| Complete 
|  76|0x0000000084c00000, 0x0000000084d00000, 0x0000000084d00000|100%|HC|  |TAMS 0x0000000084d00000, 0x0000000084c00000| Complete 
|  77|0x0000000084d00000, 0x0000000084e00000, 0x0000000084e00000|100%|HC|  |TAMS 0x0000000084e00000, 0x0000000084d00000| Complete 
|  78|0x0000000084e00000, 0x0000000084f00000, 0x0000000084f00000|100%| O|  |TAMS 0x0000000084f00000, 0x0000000084e00000| Untracked 
|  79|0x0000000084f00000, 0x0000000085000000, 0x0000000085000000|100%| O|  |TAMS 0x0000000085000000, 0x0000000084f00000| Untracked 
|  80|0x0000000085000000, 0x0000000085100000, 0x0000000085100000|100%| O|  |TAMS 0x0000000085100000, 0x0000000085000000| Untracked 
|  81|0x0000000085100000, 0x0000000085200000, 0x0000000085200000|100%| O|  |TAMS 0x0000000085200000, 0x0000000085100000| Untracked 
|  82|0x0000000085200000, 0x0000000085300000, 0x0000000085300000|100%| O|  |TAMS 0x0000000085300000, 0x0000000085200000| Untracked 
|  83|0x0000000085300000, 0x0000000085400000, 0x0000000085400000|100%| O|  |TAMS 0x0000000085400000, 0x0000000085300000| Untracked 
|  84|0x0000000085400000, 0x0000000085500000, 0x0000000085500000|100%| O|  |TAMS 0x0000000085500000, 0x0000000085400000| Untracked 
|  85|0x0000000085500000, 0x0000000085600000, 0x0000000085600000|100%| O|  |TAMS 0x0000000085600000, 0x0000000085500000| Untracked 
|  86|0x0000000085600000, 0x0000000085700000, 0x0000000085700000|100%| O|  |TAMS 0x0000000085700000, 0x0000000085600000| Untracked 
|  87|0x0000000085700000, 0x0000000085700000, 0x0000000085800000|  0%| F|  |TAMS 0x0000000085700000, 0x0000000085700000| Untracked 
|  88|0x0000000085800000, 0x0000000085800000, 0x0000000085900000|  0%| F|  |TAMS 0x0000000085800000, 0x0000000085800000| Untracked 
|  89|0x0000000085900000, 0x0000000085a00000, 0x0000000085a00000|100%| O|  |TAMS 0x0000000085a00000, 0x0000000085900000| Untracked 
|  90|0x0000000085a00000, 0x0000000085a00000, 0x0000000085b00000|  0%| F|  |TAMS 0x0000000085a00000, 0x0000000085a00000| Untracked 
|  91|0x0000000085b00000, 0x0000000085b00000, 0x0000000085c00000|  0%| F|  |TAMS 0x0000000085b00000, 0x0000000085b00000| Untracked 
|  92|0x0000000085c00000, 0x0000000085d00000, 0x0000000085d00000|100%| O|  |TAMS 0x0000000085d00000, 0x0000000085c00000| Untracked 
|  93|0x0000000085d00000, 0x0000000085e00000, 0x0000000085e00000|100%| O|  |TAMS 0x0000000085e00000, 0x0000000085d00000| Untracked 
|  94|0x0000000085e00000, 0x0000000085f00000, 0x0000000085f00000|100%| O|  |TAMS 0x0000000085f00000, 0x0000000085e00000| Untracked 
|  95|0x0000000085f00000, 0x0000000086000000, 0x0000000086000000|100%| O|  |TAMS 0x0000000086000000, 0x0000000085f00000| Untracked 
|  96|0x0000000086000000, 0x0000000086100000, 0x0000000086100000|100%| O|  |TAMS 0x0000000086100000, 0x0000000086000000| Untracked 
|  97|0x0000000086100000, 0x0000000086200000, 0x0000000086200000|100%| O|  |TAMS 0x0000000086200000, 0x0000000086100000| Untracked 
|  98|0x0000000086200000, 0x0000000086300000, 0x0000000086300000|100%| O|  |TAMS 0x0000000086300000, 0x0000000086200000| Untracked 
|  99|0x0000000086300000, 0x0000000086400000, 0x0000000086400000|100%| O|  |TAMS 0x0000000086400000, 0x0000000086300000| Untracked 
| 100|0x0000000086400000, 0x0000000086400000, 0x0000000086500000|  0%| F|  |TAMS 0x0000000086400000, 0x0000000086400000| Untracked 
| 101|0x0000000086500000, 0x0000000086500000, 0x0000000086600000|  0%| F|  |TAMS 0x0000000086500000, 0x0000000086500000| Untracked 
| 102|0x0000000086600000, 0x0000000086600000, 0x0000000086700000|  0%| F|  |TAMS 0x0000000086600000, 0x0000000086600000| Untracked 
| 103|0x0000000086700000, 0x0000000086800000, 0x0000000086800000|100%| O|  |TAMS 0x0000000086800000, 0x0000000086700000| Untracked 
| 104|0x0000000086800000, 0x0000000086900000, 0x0000000086900000|100%| O|  |TAMS 0x0000000086900000, 0x0000000086800000| Untracked 
| 105|0x0000000086900000, 0x0000000086a00000, 0x0000000086a00000|100%| O|  |TAMS 0x0000000086a00000, 0x0000000086900000| Untracked 
| 106|0x0000000086a00000, 0x0000000086a00000, 0x0000000086b00000|  0%| F|  |TAMS 0x0000000086a00000, 0x0000000086a00000| Untracked 
| 107|0x0000000086b00000, 0x0000000086b00000, 0x0000000086c00000|  0%| F|  |TAMS 0x0000000086b00000, 0x0000000086b00000| Untracked 
| 108|0x0000000086c00000, 0x0000000086c00000, 0x0000000086d00000|  0%| F|  |TAMS 0x0000000086c00000, 0x0000000086c00000| Untracked 
| 109|0x0000000086d00000, 0x0000000086d00000, 0x0000000086e00000|  0%| F|  |TAMS 0x0000000086d00000, 0x0000000086d00000| Untracked 
| 110|0x0000000086e00000, 0x0000000086f00000, 0x0000000086f00000|100%| O|  |TAMS 0x0000000086f00000, 0x0000000086e00000| Untracked 
| 111|0x0000000086f00000, 0x0000000087000000, 0x0000000087000000|100%| O|  |TAMS 0x0000000087000000, 0x0000000086f00000| Untracked 
| 112|0x0000000087000000, 0x0000000087100000, 0x0000000087100000|100%| O|  |TAMS 0x0000000087100000, 0x0000000087000000| Untracked 
| 113|0x0000000087100000, 0x0000000087200000, 0x0000000087200000|100%| O|  |TAMS 0x0000000087200000, 0x0000000087100000| Untracked 
| 114|0x0000000087200000, 0x0000000087200000, 0x0000000087300000|  0%| F|  |TAMS 0x0000000087200000, 0x0000000087200000| Untracked 
| 115|0x0000000087300000, 0x0000000087400000, 0x0000000087400000|100%| O|  |TAMS 0x0000000087400000, 0x0000000087300000| Untracked 
| 116|0x0000000087400000, 0x0000000087500000, 0x0000000087500000|100%| O|  |TAMS 0x0000000087500000, 0x0000000087400000| Untracked 
| 117|0x0000000087500000, 0x0000000087500000, 0x0000000087600000|  0%| F|  |TAMS 0x0000000087500000, 0x0000000087500000| Untracked 
| 118|0x0000000087600000, 0x0000000087600000, 0x0000000087700000|  0%| F|  |TAMS 0x0000000087600000, 0x0000000087600000| Untracked 
| 119|0x0000000087700000, 0x0000000087700000, 0x0000000087800000|  0%| F|  |TAMS 0x0000000087700000, 0x0000000087700000| Untracked 
| 120|0x0000000087800000, 0x0000000087900000, 0x0000000087900000|100%| O|  |TAMS 0x0000000087900000, 0x0000000087800000| Untracked 
| 121|0x0000000087900000, 0x0000000087a00000, 0x0000000087a00000|100%| O|  |TAMS 0x0000000087a00000, 0x0000000087900000| Untracked 
| 122|0x0000000087a00000, 0x0000000087b00000, 0x0000000087b00000|100%| O|  |TAMS 0x0000000087b00000, 0x0000000087a00000| Untracked 
| 123|0x0000000087b00000, 0x0000000087c00000, 0x0000000087c00000|100%| O|  |TAMS 0x0000000087c00000, 0x0000000087b00000| Untracked 
| 124|0x0000000087c00000, 0x0000000087d00000, 0x0000000087d00000|100%| O|  |TAMS 0x0000000087d00000, 0x0000000087c00000| Untracked 
| 125|0x0000000087d00000, 0x0000000087e00000, 0x0000000087e00000|100%| O|  |TAMS 0x0000000087e00000, 0x0000000087d00000| Untracked 
| 126|0x0000000087e00000, 0x0000000087f00000, 0x0000000087f00000|100%| O|  |TAMS 0x0000000087f00000, 0x0000000087e00000| Untracked 
| 127|0x0000000087f00000, 0x0000000088000000, 0x0000000088000000|100%| O|  |TAMS 0x0000000088000000, 0x0000000087f00000| Untracked 
| 128|0x0000000088000000, 0x0000000088100000, 0x0000000088100000|100%| O|  |TAMS 0x0000000088100000, 0x0000000088000000| Untracked 
| 129|0x0000000088100000, 0x0000000088200000, 0x0000000088200000|100%| O|  |TAMS 0x0000000088200000, 0x0000000088100000| Untracked 
| 130|0x0000000088200000, 0x0000000088300000, 0x0000000088300000|100%| O|  |TAMS 0x0000000088300000, 0x0000000088200000| Untracked 
| 131|0x0000000088300000, 0x0000000088400000, 0x0000000088400000|100%| O|  |TAMS 0x0000000088400000, 0x0000000088300000| Untracked 
| 132|0x0000000088400000, 0x0000000088500000, 0x0000000088500000|100%| O|  |TAMS 0x0000000088500000, 0x0000000088400000| Untracked 
| 133|0x0000000088500000, 0x0000000088600000, 0x0000000088600000|100%| O|  |TAMS 0x0000000088600000, 0x0000000088500000| Untracked 
| 134|0x0000000088600000, 0x0000000088700000, 0x0000000088700000|100%| O|  |TAMS 0x0000000088600000, 0x0000000088600000| Untracked 
| 135|0x0000000088700000, 0x0000000088800000, 0x0000000088800000|100%| O|  |TAMS 0x0000000088700000, 0x0000000088700000| Untracked 
| 136|0x0000000088800000, 0x0000000088900000, 0x0000000088900000|100%| O|  |TAMS 0x0000000088800000, 0x0000000088800000| Untracked 
| 137|0x0000000088900000, 0x0000000088a00000, 0x0000000088a00000|100%| O|  |TAMS 0x0000000088900000, 0x0000000088900000| Untracked 
| 138|0x0000000088a00000, 0x0000000088b00000, 0x0000000088b00000|100%| O|  |TAMS 0x0000000088a00000, 0x0000000088a00000| Untracked 
| 139|0x0000000088b00000, 0x0000000088c00000, 0x0000000088c00000|100%| O|  |TAMS 0x0000000088c00000, 0x0000000088b00000| Untracked 
| 140|0x0000000088c00000, 0x0000000088d00000, 0x0000000088d00000|100%| O|  |TAMS 0x0000000088d00000, 0x0000000088c00000| Untracked 
| 141|0x0000000088d00000, 0x0000000088e00000, 0x0000000088e00000|100%| O|  |TAMS 0x0000000088e00000, 0x0000000088d00000| Untracked 
| 142|0x0000000088e00000, 0x0000000088f00000, 0x0000000088f00000|100%| O|  |TAMS 0x0000000088ec4a00, 0x0000000088e00000| Untracked 
| 143|0x0000000088f00000, 0x0000000089000000, 0x0000000089000000|100%| O|  |TAMS 0x0000000088f00000, 0x0000000088f00000| Untracked 
| 144|0x0000000089000000, 0x0000000089100000, 0x0000000089100000|100%| O|  |TAMS 0x0000000089000000, 0x0000000089000000| Untracked 
| 145|0x0000000089100000, 0x0000000089200000, 0x0000000089200000|100%| O|  |TAMS 0x0000000089100000, 0x0000000089100000| Untracked 
| 146|0x0000000089200000, 0x0000000089300000, 0x0000000089300000|100%| O|  |TAMS 0x0000000089200000, 0x0000000089200000| Untracked 
| 147|0x0000000089300000, 0x000000008932e400, 0x0000000089400000| 18%| O|  |TAMS 0x0000000089300000, 0x0000000089300000| Untracked 
| 148|0x0000000089400000, 0x0000000089400000, 0x0000000089500000|  0%| F|  |TAMS 0x0000000089400000, 0x0000000089400000| Untracked 
| 149|0x0000000089500000, 0x0000000089500000, 0x0000000089600000|  0%| F|  |TAMS 0x0000000089500000, 0x0000000089500000| Untracked 
| 150|0x0000000089600000, 0x0000000089600000, 0x0000000089700000|  0%| F|  |TAMS 0x0000000089600000, 0x0000000089600000| Untracked 
| 151|0x0000000089700000, 0x0000000089700000, 0x0000000089800000|  0%| F|  |TAMS 0x0000000089700000, 0x0000000089700000| Untracked 
| 152|0x0000000089800000, 0x0000000089800000, 0x0000000089900000|  0%| F|  |TAMS 0x0000000089800000, 0x0000000089800000| Untracked 
| 153|0x0000000089900000, 0x0000000089900000, 0x0000000089a00000|  0%| F|  |TAMS 0x0000000089900000, 0x0000000089900000| Untracked 
| 154|0x0000000089a00000, 0x0000000089a00000, 0x0000000089b00000|  0%| F|  |TAMS 0x0000000089a00000, 0x0000000089a00000| Untracked 
| 155|0x0000000089b00000, 0x0000000089b00000, 0x0000000089c00000|  0%| F|  |TAMS 0x0000000089b00000, 0x0000000089b00000| Untracked 
| 156|0x0000000089c00000, 0x0000000089c00000, 0x0000000089d00000|  0%| F|  |TAMS 0x0000000089c00000, 0x0000000089c00000| Untracked 
| 157|0x0000000089d00000, 0x0000000089d00000, 0x0000000089e00000|  0%| F|  |TAMS 0x0000000089d00000, 0x0000000089d00000| Untracked 
| 158|0x0000000089e00000, 0x0000000089e00000, 0x0000000089f00000|  0%| F|  |TAMS 0x0000000089e00000, 0x0000000089e00000| Untracked 
| 159|0x0000000089f00000, 0x0000000089f00000, 0x000000008a000000|  0%| F|  |TAMS 0x0000000089f00000, 0x0000000089f00000| Untracked 
| 160|0x000000008a000000, 0x000000008a000000, 0x000000008a100000|  0%| F|  |TAMS 0x000000008a000000, 0x000000008a000000| Untracked 
| 161|0x000000008a100000, 0x000000008a100000, 0x000000008a200000|  0%| F|  |TAMS 0x000000008a100000, 0x000000008a100000| Untracked 
| 162|0x000000008a200000, 0x000000008a200000, 0x000000008a300000|  0%| F|  |TAMS 0x000000008a200000, 0x000000008a200000| Untracked 
| 163|0x000000008a300000, 0x000000008a300000, 0x000000008a400000|  0%| F|  |TAMS 0x000000008a300000, 0x000000008a300000| Untracked 
| 164|0x000000008a400000, 0x000000008a400000, 0x000000008a500000|  0%| F|  |TAMS 0x000000008a400000, 0x000000008a400000| Untracked 
| 165|0x000000008a500000, 0x000000008a500000, 0x000000008a600000|  0%| F|  |TAMS 0x000000008a500000, 0x000000008a500000| Untracked 
| 166|0x000000008a600000, 0x000000008a600000, 0x000000008a700000|  0%| F|  |TAMS 0x000000008a600000, 0x000000008a600000| Untracked 
| 167|0x000000008a700000, 0x000000008a700000, 0x000000008a800000|  0%| F|  |TAMS 0x000000008a700000, 0x000000008a700000| Untracked 
| 168|0x000000008a800000, 0x000000008a800000, 0x000000008a900000|  0%| F|  |TAMS 0x000000008a800000, 0x000000008a800000| Untracked 
| 169|0x000000008a900000, 0x000000008a900000, 0x000000008aa00000|  0%| F|  |TAMS 0x000000008a900000, 0x000000008a900000| Untracked 
| 170|0x000000008aa00000, 0x000000008aa00000, 0x000000008ab00000|  0%| F|  |TAMS 0x000000008aa00000, 0x000000008aa00000| Untracked 
| 171|0x000000008ab00000, 0x000000008ab00000, 0x000000008ac00000|  0%| F|  |TAMS 0x000000008ab00000, 0x000000008ab00000| Untracked 
| 172|0x000000008ac00000, 0x000000008ac00000, 0x000000008ad00000|  0%| F|  |TAMS 0x000000008ac00000, 0x000000008ac00000| Untracked 
| 173|0x000000008ad00000, 0x000000008ad00000, 0x000000008ae00000|  0%| F|  |TAMS 0x000000008ad00000, 0x000000008ad00000| Untracked 
| 174|0x000000008ae00000, 0x000000008ae00000, 0x000000008af00000|  0%| F|  |TAMS 0x000000008ae00000, 0x000000008ae00000| Untracked 
| 175|0x000000008af00000, 0x000000008af00000, 0x000000008b000000|  0%| F|  |TAMS 0x000000008af00000, 0x000000008af00000| Untracked 
| 176|0x000000008b000000, 0x000000008b000000, 0x000000008b100000|  0%| F|  |TAMS 0x000000008b000000, 0x000000008b000000| Untracked 
| 177|0x000000008b100000, 0x000000008b100000, 0x000000008b200000|  0%| F|  |TAMS 0x000000008b100000, 0x000000008b100000| Untracked 
| 178|0x000000008b200000, 0x000000008b200000, 0x000000008b300000|  0%| F|  |TAMS 0x000000008b200000, 0x000000008b200000| Untracked 
| 179|0x000000008b300000, 0x000000008b300000, 0x000000008b400000|  0%| F|  |TAMS 0x000000008b300000, 0x000000008b300000| Untracked 
| 180|0x000000008b400000, 0x000000008b400000, 0x000000008b500000|  0%| F|  |TAMS 0x000000008b400000, 0x000000008b400000| Untracked 
| 181|0x000000008b500000, 0x000000008b500000, 0x000000008b600000|  0%| F|  |TAMS 0x000000008b500000, 0x000000008b500000| Untracked 
| 182|0x000000008b600000, 0x000000008b600000, 0x000000008b700000|  0%| F|  |TAMS 0x000000008b600000, 0x000000008b600000| Untracked 
| 183|0x000000008b700000, 0x000000008b700000, 0x000000008b800000|  0%| F|  |TAMS 0x000000008b700000, 0x000000008b700000| Untracked 
| 184|0x000000008b800000, 0x000000008b800000, 0x000000008b900000|  0%| F|  |TAMS 0x000000008b800000, 0x000000008b800000| Untracked 
| 185|0x000000008b900000, 0x000000008b900000, 0x000000008ba00000|  0%| F|  |TAMS 0x000000008b900000, 0x000000008b900000| Untracked 
| 186|0x000000008ba00000, 0x000000008ba00000, 0x000000008bb00000|  0%| F|  |TAMS 0x000000008ba00000, 0x000000008ba00000| Untracked 
| 187|0x000000008bb00000, 0x000000008bb00000, 0x000000008bc00000|  0%| F|  |TAMS 0x000000008bb00000, 0x000000008bb00000| Untracked 
| 188|0x000000008bc00000, 0x000000008bc00000, 0x000000008bd00000|  0%| F|  |TAMS 0x000000008bc00000, 0x000000008bc00000| Untracked 
| 189|0x000000008bd00000, 0x000000008bd00000, 0x000000008be00000|  0%| F|  |TAMS 0x000000008bd00000, 0x000000008bd00000| Untracked 
| 190|0x000000008be00000, 0x000000008be00000, 0x000000008bf00000|  0%| F|  |TAMS 0x000000008be00000, 0x000000008be00000| Untracked 
| 191|0x000000008bf00000, 0x000000008bf00000, 0x000000008c000000|  0%| F|  |TAMS 0x000000008bf00000, 0x000000008bf00000| Untracked 
| 192|0x000000008c000000, 0x000000008c000000, 0x000000008c100000|  0%| F|  |TAMS 0x000000008c000000, 0x000000008c000000| Untracked 
| 193|0x000000008c100000, 0x000000008c100000, 0x000000008c200000|  0%| F|  |TAMS 0x000000008c100000, 0x000000008c100000| Untracked 
| 194|0x000000008c200000, 0x000000008c200000, 0x000000008c300000|  0%| F|  |TAMS 0x000000008c200000, 0x000000008c200000| Untracked 
| 195|0x000000008c300000, 0x000000008c300000, 0x000000008c400000|  0%| F|  |TAMS 0x000000008c300000, 0x000000008c300000| Untracked 
| 196|0x000000008c400000, 0x000000008c400000, 0x000000008c500000|  0%| F|  |TAMS 0x000000008c400000, 0x000000008c400000| Untracked 
| 197|0x000000008c500000, 0x000000008c500000, 0x000000008c600000|  0%| F|  |TAMS 0x000000008c500000, 0x000000008c500000| Untracked 
| 198|0x000000008c600000, 0x000000008c600000, 0x000000008c700000|  0%| F|  |TAMS 0x000000008c600000, 0x000000008c600000| Untracked 
| 199|0x000000008c700000, 0x000000008c700000, 0x000000008c800000|  0%| F|  |TAMS 0x000000008c700000, 0x000000008c700000| Untracked 
| 200|0x000000008c800000, 0x000000008c800000, 0x000000008c900000|  0%| F|  |TAMS 0x000000008c800000, 0x000000008c800000| Untracked 
| 201|0x000000008c900000, 0x000000008c900000, 0x000000008ca00000|  0%| F|  |TAMS 0x000000008c900000, 0x000000008c900000| Untracked 
| 202|0x000000008ca00000, 0x000000008ca00000, 0x000000008cb00000|  0%| F|  |TAMS 0x000000008ca00000, 0x000000008ca00000| Untracked 
| 203|0x000000008cb00000, 0x000000008cb00000, 0x000000008cc00000|  0%| F|  |TAMS 0x000000008cb00000, 0x000000008cb00000| Untracked 
| 204|0x000000008cc00000, 0x000000008cc00000, 0x000000008cd00000|  0%| F|  |TAMS 0x000000008cc00000, 0x000000008cc00000| Untracked 
| 205|0x000000008cd00000, 0x000000008cd00000, 0x000000008ce00000|  0%| F|  |TAMS 0x000000008cd00000, 0x000000008cd00000| Untracked 
| 206|0x000000008ce00000, 0x000000008ce00000, 0x000000008cf00000|  0%| F|  |TAMS 0x000000008ce00000, 0x000000008ce00000| Untracked 
| 207|0x000000008cf00000, 0x000000008cf00000, 0x000000008d000000|  0%| F|  |TAMS 0x000000008cf00000, 0x000000008cf00000| Untracked 
| 208|0x000000008d000000, 0x000000008d000000, 0x000000008d100000|  0%| F|  |TAMS 0x000000008d000000, 0x000000008d000000| Untracked 
| 209|0x000000008d100000, 0x000000008d100000, 0x000000008d200000|  0%| F|  |TAMS 0x000000008d100000, 0x000000008d100000| Untracked 
| 210|0x000000008d200000, 0x000000008d200000, 0x000000008d300000|  0%| F|  |TAMS 0x000000008d200000, 0x000000008d200000| Untracked 
| 211|0x000000008d300000, 0x000000008d300000, 0x000000008d400000|  0%| F|  |TAMS 0x000000008d300000, 0x000000008d300000| Untracked 
| 212|0x000000008d400000, 0x000000008d400000, 0x000000008d500000|  0%| F|  |TAMS 0x000000008d400000, 0x000000008d400000| Untracked 
| 213|0x000000008d500000, 0x000000008d500000, 0x000000008d600000|  0%| F|  |TAMS 0x000000008d500000, 0x000000008d500000| Untracked 
| 214|0x000000008d600000, 0x000000008d600000, 0x000000008d700000|  0%| F|  |TAMS 0x000000008d600000, 0x000000008d600000| Untracked 
| 215|0x000000008d700000, 0x000000008d700000, 0x000000008d800000|  0%| F|  |TAMS 0x000000008d700000, 0x000000008d700000| Untracked 
| 216|0x000000008d800000, 0x000000008d800000, 0x000000008d900000|  0%| F|  |TAMS 0x000000008d800000, 0x000000008d800000| Untracked 
| 217|0x000000008d900000, 0x000000008d900000, 0x000000008da00000|  0%| F|  |TAMS 0x000000008d900000, 0x000000008d900000| Untracked 
| 218|0x000000008da00000, 0x000000008da00000, 0x000000008db00000|  0%| F|  |TAMS 0x000000008da00000, 0x000000008da00000| Untracked 
| 219|0x000000008db00000, 0x000000008db00000, 0x000000008dc00000|  0%| F|  |TAMS 0x000000008db00000, 0x000000008db00000| Untracked 
| 220|0x000000008dc00000, 0x000000008dccfe28, 0x000000008dd00000| 81%| E|  |TAMS 0x000000008dc00000, 0x000000008dc00000| Complete 
| 221|0x000000008dd00000, 0x000000008de00000, 0x000000008de00000|100%| E|CS|TAMS 0x000000008dd00000, 0x000000008dd00000| Complete 
| 222|0x000000008de00000, 0x000000008df00000, 0x000000008df00000|100%| E|CS|TAMS 0x000000008de00000, 0x000000008de00000| Complete 
| 223|0x000000008df00000, 0x000000008e000000, 0x000000008e000000|100%| E|CS|TAMS 0x000000008df00000, 0x000000008df00000| Complete 
| 224|0x000000008e000000, 0x000000008e100000, 0x000000008e100000|100%| E|CS|TAMS 0x000000008e000000, 0x000000008e000000| Complete 
| 225|0x000000008e100000, 0x000000008e200000, 0x000000008e200000|100%| E|CS|TAMS 0x000000008e100000, 0x000000008e100000| Complete 
| 226|0x000000008e200000, 0x000000008e300000, 0x000000008e300000|100%| E|CS|TAMS 0x000000008e200000, 0x000000008e200000| Complete 
| 227|0x000000008e300000, 0x000000008e400000, 0x000000008e400000|100%| E|  |TAMS 0x000000008e300000, 0x000000008e300000| Complete 
| 228|0x000000008e400000, 0x000000008e500000, 0x000000008e500000|100%| E|CS|TAMS 0x000000008e400000, 0x000000008e400000| Complete 
| 229|0x000000008e500000, 0x000000008e600000, 0x000000008e600000|100%| E|CS|TAMS 0x000000008e500000, 0x000000008e500000| Complete 
| 230|0x000000008e600000, 0x000000008e700000, 0x000000008e700000|100%| E|CS|TAMS 0x000000008e600000, 0x000000008e600000| Complete 
| 231|0x000000008e700000, 0x000000008e800000, 0x000000008e800000|100%| E|CS|TAMS 0x000000008e700000, 0x000000008e700000| Complete 
| 232|0x000000008e800000, 0x000000008e900000, 0x000000008e900000|100%| E|CS|TAMS 0x000000008e800000, 0x000000008e800000| Complete 
| 233|0x000000008e900000, 0x000000008ea00000, 0x000000008ea00000|100%| E|CS|TAMS 0x000000008e900000, 0x000000008e900000| Complete 
| 234|0x000000008ea00000, 0x000000008eb00000, 0x000000008eb00000|100%| E|CS|TAMS 0x000000008ea00000, 0x000000008ea00000| Complete 
| 235|0x000000008eb00000, 0x000000008ec00000, 0x000000008ec00000|100%| E|CS|TAMS 0x000000008eb00000, 0x000000008eb00000| Complete 
| 236|0x000000008ec00000, 0x000000008ed00000, 0x000000008ed00000|100%| E|CS|TAMS 0x000000008ec00000, 0x000000008ec00000| Complete 
| 237|0x000000008ed00000, 0x000000008ee00000, 0x000000008ee00000|100%| E|CS|TAMS 0x000000008ed00000, 0x000000008ed00000| Complete 
| 238|0x000000008ee00000, 0x000000008ef00000, 0x000000008ef00000|100%| E|CS|TAMS 0x000000008ee00000, 0x000000008ee00000| Complete 
| 239|0x000000008ef00000, 0x000000008f000000, 0x000000008f000000|100%| E|CS|TAMS 0x000000008ef00000, 0x000000008ef00000| Complete 
| 240|0x000000008f000000, 0x000000008f100000, 0x000000008f100000|100%| E|CS|TAMS 0x000000008f000000, 0x000000008f000000| Complete 
| 241|0x000000008f100000, 0x000000008f200000, 0x000000008f200000|100%| E|CS|TAMS 0x000000008f100000, 0x000000008f100000| Complete 
| 242|0x000000008f200000, 0x000000008f300000, 0x000000008f300000|100%| E|CS|TAMS 0x000000008f200000, 0x000000008f200000| Complete 
| 243|0x000000008f300000, 0x000000008f400000, 0x000000008f400000|100%| E|CS|TAMS 0x000000008f300000, 0x000000008f300000| Complete 
| 244|0x000000008f400000, 0x000000008f500000, 0x000000008f500000|100%| E|CS|TAMS 0x000000008f400000, 0x000000008f400000| Complete 
| 245|0x000000008f500000, 0x000000008f53c5a0, 0x000000008f600000| 23%| S|CS|TAMS 0x000000008f500000, 0x000000008f500000| Complete 
| 246|0x000000008f600000, 0x000000008f700000, 0x000000008f700000|100%| S|CS|TAMS 0x000000008f600000, 0x000000008f600000| Complete 
| 247|0x000000008f700000, 0x000000008f800000, 0x000000008f800000|100%| E|CS|TAMS 0x000000008f700000, 0x000000008f700000| Complete 
| 248|0x000000008f800000, 0x000000008f900000, 0x000000008f900000|100%| E|CS|TAMS 0x000000008f800000, 0x000000008f800000| Complete 
| 249|0x000000008f900000, 0x000000008fa00000, 0x000000008fa00000|100%| E|CS|TAMS 0x000000008f900000, 0x000000008f900000| Complete 
| 250|0x000000008fa00000, 0x000000008fb00000, 0x000000008fb00000|100%| E|CS|TAMS 0x000000008fa00000, 0x000000008fa00000| Complete 
| 251|0x000000008fb00000, 0x000000008fc00000, 0x000000008fc00000|100%| E|CS|TAMS 0x000000008fb00000, 0x000000008fb00000| Complete 
| 252|0x000000008fc00000, 0x000000008fd00000, 0x000000008fd00000|100%| E|CS|TAMS 0x000000008fc00000, 0x000000008fc00000| Complete 
| 253|0x000000008fd00000, 0x000000008fe00000, 0x000000008fe00000|100%| E|CS|TAMS 0x000000008fd00000, 0x000000008fd00000| Complete 
| 254|0x000000008fe00000, 0x000000008ff00000, 0x000000008ff00000|100%| E|CS|TAMS 0x000000008fe00000, 0x000000008fe00000| Complete 
| 255|0x000000008ff00000, 0x0000000090000000, 0x0000000090000000|100%| E|CS|TAMS 0x000000008ff00000, 0x000000008ff00000| Complete 
|2047|0x00000000fff00000, 0x0000000100000000, 0x0000000100000000|100%| E|CS|TAMS 0x00000000fff00000, 0x00000000fff00000| Complete 

Card table byte_map: [0x000002a196520000,0x000002a196920000] _byte_map_base: 0x000002a196120000

Marking Bits (Prev, Next): (CMBitMap*) 0x000002a1819ff140, (CMBitMap*) 0x000002a1819ff180
 Prev Bits: [0x000002a196d20000, 0x000002a198d20000)
 Next Bits: [0x000002a198d20000, 0x000002a19ad20000)

Polling page: 0x000002a181a60000

Metaspace:

Usage:
  Non-class:    109.28 MB used.
      Class:     17.80 MB used.
       Both:    127.08 MB used.

Virtual space:
  Non-class space:      128.00 MB reserved,     109.81 MB ( 86%) committed,  2 nodes.
      Class space:        1.00 GB reserved,      18.31 MB (  2%) committed,  1 nodes.
             Both:        1.12 GB reserved,     128.12 MB ( 11%) committed. 

Chunk freelists:
   Non-Class:  1.61 MB
       Class:  13.75 MB
        Both:  15.36 MB

MaxMetaspaceSize: unlimited
CompressedClassSpaceSize: 1.00 GB
Initial GC threshold: 21.00 MB
Current GC threshold: 203.38 MB
CDS: off
MetaspaceReclaimPolicy: balanced
 - commit_granule_bytes: 65536.
 - commit_granule_words: 8192.
 - virtual_space_node_default_size: 8388608.
 - enlarge_chunks_in_place: 1.
 - new_chunks_are_fully_committed: 0.
 - uncommit_free_chunks: 1.
 - use_allocation_guard: 0.
 - handle_deallocations: 1.


Internal statistics:

num_allocs_failed_limit: 30.
num_arena_births: 1662.
num_arena_deaths: 0.
num_vsnodes_births: 3.
num_vsnodes_deaths: 0.
num_space_committed: 2049.
num_space_uncommitted: 0.
num_chunks_returned_to_freelist: 30.
num_chunks_taken_from_freelist: 6780.
num_chunk_merges: 24.
num_chunk_splits: 4404.
num_chunks_enlarged: 2830.
num_inconsistent_stats: 0.

CodeHeap 'non-profiled nmethods': size=120000Kb used=7317Kb max_used=7688Kb free=112682Kb
 bounds [0x000002a18e180000, 0x000002a18e910000, 0x000002a1956b0000]
CodeHeap 'profiled nmethods': size=120000Kb used=26674Kb max_used=27994Kb free=93325Kb
 bounds [0x000002a1866b0000, 0x000002a188230000, 0x000002a18dbe0000]
CodeHeap 'non-nmethods': size=5760Kb used=1803Kb max_used=1865Kb free=3956Kb
 bounds [0x000002a18dbe0000, 0x000002a18de50000, 0x000002a18e180000]
 total_blobs=14686 nmethods=13780 adapters=817
 compilation: enabled
              stopped_count=0, restarted_count=0
 full_count=0

Compilation events (20 events):
Event: 85.483 Thread 0x000002a19d98af30 16347       3       com.android.tools.r8.dex.m::b (11 bytes)
Event: 85.484 Thread 0x000002a19d98af30 nmethod 16347 0x000002a187ba7f90 code [0x000002a187ba8140, 0x000002a187ba8328]
Event: 85.487 Thread 0x000002a19d98af30 16349       3       java.nio.HeapByteBuffer::getShort (29 bytes)
Event: 85.487 Thread 0x000002a19d98af30 nmethod 16349 0x000002a187577310 code [0x000002a187577560, 0x000002a187577ee8]
Event: 85.487 Thread 0x000002a19d98af30 16350       3       jdk.internal.misc.Unsafe::getShortUnaligned (12 bytes)
Event: 85.487 Thread 0x000002a19d98af30 nmethod 16350 0x000002a186b77990 code [0x000002a186b77b40, 0x000002a186b77d78]
Event: 85.487 Thread 0x000002a19d98af30 16348       3       com.android.tools.r8.graph.K2::n0 (4 bytes)
Event: 85.487 Thread 0x000002a19d98af30 nmethod 16348 0x000002a186fdb690 code [0x000002a186fdb820, 0x000002a186fdb918]
Event: 85.488 Thread 0x000002a19d98af30 16351       3       com.android.tools.r8.dex.s::f (8 bytes)
Event: 85.488 Thread 0x000002a19d98af30 nmethod 16351 0x000002a187dbec90 code [0x000002a187dbee40, 0x000002a187dbf028]
Event: 85.488 Thread 0x000002a19d98af30 16352       3       com.android.tools.r8.graph.O2$j::<init> (6 bytes)
Event: 85.489 Thread 0x000002a19d98af30 nmethod 16352 0x000002a1871a7190 code [0x000002a1871a7340, 0x000002a1871a7618]
Event: 85.489 Thread 0x000002a19d98af30 16353       3       com.android.tools.r8.graph.O2$l::<init> (10 bytes)
Event: 85.489 Thread 0x000002a19d98af30 nmethod 16353 0x000002a187847010 code [0x000002a1878471c0, 0x000002a187847438]
Event: 85.490 Thread 0x000002a19d98af30 16354       3       com.android.tools.r8.utils.structural.A::e (11 bytes)
Event: 85.490 Thread 0x000002a19d98af30 nmethod 16354 0x000002a1878cc590 code [0x000002a1878cc740, 0x000002a1878cca08]
Event: 85.490 Thread 0x000002a19d98af30 16355       1       com.android.tools.r8.graph.r2::x0 (5 bytes)
Event: 85.490 Thread 0x000002a19d98af30 nmethod 16355 0x000002a18e5d8310 code [0x000002a18e5d84a0, 0x000002a18e5d8578]
Event: 85.490 Thread 0x000002a19d98af30 16356       3       com.android.tools.r8.dex.m::d (31 bytes)
Event: 85.490 Thread 0x000002a19d98af30 nmethod 16356 0x000002a186dd2290 code [0x000002a186dd2440, 0x000002a186dd26a8]

GC Heap History (20 events):
Event: 74.385 GC heap before
{Heap before GC invocations=46 (full 0):
 garbage-first heap   total 199680K, used 164667K [0x0000000080000000, 0x0000000100000000)
  region size 1024K, 45 young (46080K), 4 survivors (4096K)
 Metaspace       used 112986K, committed 113856K, reserved 1179648K
  class space    used 15694K, committed 16128K, reserved 1048576K
}
Event: 74.406 GC heap after
{Heap after GC invocations=47 (full 0):
 garbage-first heap   total 199680K, used 125066K [0x0000000080000000, 0x0000000100000000)
  region size 1024K, 2 young (2048K), 2 survivors (2048K)
 Metaspace       used 112986K, committed 113856K, reserved 1179648K
  class space    used 15694K, committed 16128K, reserved 1048576K
}
Event: 75.521 GC heap before
{Heap before GC invocations=47 (full 0):
 garbage-first heap   total 199680K, used 167050K [0x0000000080000000, 0x0000000100000000)
  region size 1024K, 43 young (44032K), 2 survivors (2048K)
 Metaspace       used 113539K, committed 114368K, reserved 1179648K
  class space    used 15719K, committed 16128K, reserved 1048576K
}
Event: 75.531 GC heap after
{Heap after GC invocations=48 (full 0):
 garbage-first heap   total 199680K, used 130983K [0x0000000080000000, 0x0000000100000000)
  region size 1024K, 6 young (6144K), 6 survivors (6144K)
 Metaspace       used 113539K, committed 114368K, reserved 1179648K
  class space    used 15719K, committed 16128K, reserved 1048576K
}
Event: 76.231 GC heap before
{Heap before GC invocations=48 (full 0):
 garbage-first heap   total 199680K, used 166823K [0x0000000080000000, 0x0000000100000000)
  region size 1024K, 41 young (41984K), 6 survivors (6144K)
 Metaspace       used 113735K, committed 114624K, reserved 1179648K
  class space    used 15724K, committed 16192K, reserved 1048576K
}
Event: 76.249 GC heap after
{Heap after GC invocations=49 (full 0):
 garbage-first heap   total 199680K, used 136478K [0x0000000080000000, 0x0000000100000000)
  region size 1024K, 6 young (6144K), 6 survivors (6144K)
 Metaspace       used 113735K, committed 114624K, reserved 1179648K
  class space    used 15724K, committed 16192K, reserved 1048576K
}
Event: 77.917 GC heap before
{Heap before GC invocations=49 (full 0):
 garbage-first heap   total 199680K, used 166174K [0x0000000080000000, 0x0000000100000000)
  region size 1024K, 35 young (35840K), 6 survivors (6144K)
 Metaspace       used 113835K, committed 114816K, reserved 1179648K
  class space    used 15726K, committed 16192K, reserved 1048576K
}
Event: 77.928 GC heap after
{Heap after GC invocations=50 (full 0):
 garbage-first heap   total 199680K, used 138188K [0x0000000080000000, 0x0000000100000000)
  region size 1024K, 3 young (3072K), 3 survivors (3072K)
 Metaspace       used 113835K, committed 114816K, reserved 1179648K
  class space    used 15726K, committed 16192K, reserved 1048576K
}
Event: 83.351 GC heap before
{Heap before GC invocations=50 (full 0):
 garbage-first heap   total 199680K, used 166860K [0x0000000080000000, 0x0000000100000000)
  region size 1024K, 32 young (32768K), 3 survivors (3072K)
 Metaspace       used 114902K, committed 115840K, reserved 1179648K
  class space    used 15894K, committed 16320K, reserved 1048576K
}
Event: 83.360 GC heap after
{Heap after GC invocations=51 (full 0):
 garbage-first heap   total 199680K, used 141859K [0x0000000080000000, 0x0000000100000000)
  region size 1024K, 4 young (4096K), 4 survivors (4096K)
 Metaspace       used 114902K, committed 115840K, reserved 1179648K
  class space    used 15894K, committed 16320K, reserved 1048576K
}
Event: 83.757 GC heap before
{Heap before GC invocations=51 (full 0):
 garbage-first heap   total 199680K, used 172579K [0x0000000080000000, 0x0000000100000000)
  region size 1024K, 30 young (30720K), 4 survivors (4096K)
 Metaspace       used 116905K, committed 117760K, reserved 1179648K
  class space    used 16092K, committed 16512K, reserved 1048576K
}
Event: 83.763 GC heap after
{Heap after GC invocations=52 (full 0):
 garbage-first heap   total 199680K, used 143413K [0x0000000080000000, 0x0000000100000000)
  region size 1024K, 2 young (2048K), 2 survivors (2048K)
 Metaspace       used 116905K, committed 117760K, reserved 1179648K
  class space    used 16092K, committed 16512K, reserved 1048576K
}
Event: 84.392 GC heap before
{Heap before GC invocations=52 (full 0):
 garbage-first heap   total 199680K, used 169013K [0x0000000080000000, 0x0000000100000000)
  region size 1024K, 28 young (28672K), 2 survivors (2048K)
 Metaspace       used 119737K, committed 120640K, reserved 1179648K
  class space    used 16493K, committed 16960K, reserved 1048576K
}
Event: 84.394 GC heap after
{Heap after GC invocations=53 (full 0):
 garbage-first heap   total 199680K, used 143743K [0x0000000080000000, 0x0000000100000000)
  region size 1024K, 2 young (2048K), 2 survivors (2048K)
 Metaspace       used 119737K, committed 120640K, reserved 1179648K
  class space    used 16493K, committed 16960K, reserved 1048576K
}
Event: 84.679 GC heap before
{Heap before GC invocations=53 (full 0):
 garbage-first heap   total 199680K, used 161151K [0x0000000080000000, 0x0000000100000000)
  region size 1024K, 21 young (21504K), 2 survivors (2048K)
 Metaspace       used 122301K, committed 123200K, reserved 1179648K
  class space    used 16869K, committed 17344K, reserved 1048576K
}
Event: 84.687 GC heap after
{Heap after GC invocations=54 (full 0):
 garbage-first heap   total 199680K, used 144146K [0x0000000080000000, 0x0000000100000000)
  region size 1024K, 2 young (2048K), 2 survivors (2048K)
 Metaspace       used 122301K, committed 123200K, reserved 1179648K
  class space    used 16869K, committed 17344K, reserved 1048576K
}
Event: 84.999 GC heap before
{Heap before GC invocations=55 (full 0):
 garbage-first heap   total 263168K, used 169746K [0x0000000080000000, 0x0000000100000000)
  region size 1024K, 28 young (28672K), 2 survivors (2048K)
 Metaspace       used 125391K, committed 126400K, reserved 1179648K
  class space    used 17378K, committed 17856K, reserved 1048576K
}
Event: 85.003 GC heap after
{Heap after GC invocations=56 (full 0):
 garbage-first heap   total 263168K, used 144601K [0x0000000080000000, 0x0000000100000000)
  region size 1024K, 3 young (3072K), 3 survivors (3072K)
 Metaspace       used 125391K, committed 126400K, reserved 1179648K
  class space    used 17378K, committed 17856K, reserved 1048576K
}
Event: 85.115 GC heap before
{Heap before GC invocations=56 (full 0):
 garbage-first heap   total 263168K, used 153817K [0x0000000080000000, 0x0000000100000000)
  region size 1024K, 12 young (12288K), 3 survivors (3072K)
 Metaspace       used 126708K, committed 127680K, reserved 1179648K
  class space    used 17576K, committed 18048K, reserved 1048576K
}
Event: 85.138 GC heap after
{Heap after GC invocations=57 (full 0):
 garbage-first heap   total 263168K, used 128426K [0x0000000080000000, 0x0000000100000000)
  region size 1024K, 2 young (2048K), 2 survivors (2048K)
 Metaspace       used 126708K, committed 127680K, reserved 1179648K
  class space    used 17576K, committed 18048K, reserved 1048576K
}

Dll operation events (3 events):
Event: 0.018 Loaded shared library C:\Program Files\Android\Android Studio\jbr\bin\java.dll
Event: 0.166 Loaded shared library C:\Program Files\Android\Android Studio\jbr\bin\zip.dll
Event: 0.377 Loaded shared library C:\Program Files\Android\Android Studio\jbr\bin\verify.dll

Deoptimization events (20 events):
Event: 85.407 Thread 0x000002a1a75a8f80 DEOPT PACKING pc=0x000002a18e7cda18 sp=0x000000f0861fd760
Event: 85.407 Thread 0x000002a1a75a8f80 DEOPT UNPACKING pc=0x000002a18dc369a3 sp=0x000000f0861fd7c0 mode 2
Event: 85.407 Thread 0x000002a1a75a8f80 Uncommon trap: trap_request=0xffffffc6 fr.pc=0x000002a18e7cda18 relative=0x0000000000001e18
Event: 85.407 Thread 0x000002a1a75a8f80 Uncommon trap: reason=bimorphic_or_optimized_type_check action=maybe_recompile pc=0x000002a18e7cda18 method=java.util.zip.InflaterInputStream.read([BII)I @ 100 c2
Event: 85.407 Thread 0x000002a1a75a8f80 DEOPT PACKING pc=0x000002a18e7cda18 sp=0x000000f0861fd760
Event: 85.407 Thread 0x000002a1a75a8f80 DEOPT UNPACKING pc=0x000002a18dc369a3 sp=0x000000f0861fd7c0 mode 2
Event: 85.408 Thread 0x000002a1a75a8f80 Uncommon trap: trap_request=0xffffff45 fr.pc=0x000002a18e870688 relative=0x00000000000008c8
Event: 85.408 Thread 0x000002a1a75a8f80 Uncommon trap: reason=unstable_if action=reinterpret pc=0x000002a18e870688 method=java.io.File.getParent()Ljava/lang/String; @ 23 c2
Event: 85.408 Thread 0x000002a1a75a8f80 DEOPT PACKING pc=0x000002a18e870688 sp=0x000000f0861fd900
Event: 85.408 Thread 0x000002a1a75a8f80 DEOPT UNPACKING pc=0x000002a18dc369a3 sp=0x000000f0861fd8e0 mode 2
Event: 85.422 Thread 0x000002a1a75a8a70 DEOPT PACKING pc=0x000002a187118bcc sp=0x000000f0862fede0
Event: 85.422 Thread 0x000002a1a75a8a70 DEOPT UNPACKING pc=0x000002a18dc37143 sp=0x000000f0862fe3f0 mode 0
Event: 85.483 Thread 0x000002a1a75a7630 Uncommon trap: trap_request=0xffffff45 fr.pc=0x000002a18e494e68 relative=0x00000000000000e8
Event: 85.483 Thread 0x000002a1a75a7630 Uncommon trap: reason=unstable_if action=reinterpret pc=0x000002a18e494e68 method=jdk.internal.misc.Unsafe.convEndian(ZS)S @ 4 c2
Event: 85.483 Thread 0x000002a1a75a7630 DEOPT PACKING pc=0x000002a18e494e68 sp=0x000000f0865fd6d0
Event: 85.483 Thread 0x000002a1a75a7630 DEOPT UNPACKING pc=0x000002a18dc369a3 sp=0x000000f0865fd468 mode 2
Event: 85.483 Thread 0x000002a1a75a7630 Uncommon trap: trap_request=0xffffff45 fr.pc=0x000002a18e494af8 relative=0x0000000000000078
Event: 85.483 Thread 0x000002a1a75a7630 Uncommon trap: reason=unstable_if action=reinterpret pc=0x000002a18e494af8 method=jdk.internal.misc.Unsafe.convEndian(ZS)S @ 4 c2
Event: 85.483 Thread 0x000002a1a75a7630 DEOPT PACKING pc=0x000002a18e494af8 sp=0x000000f0865fd5b0
Event: 85.483 Thread 0x000002a1a75a7630 DEOPT UNPACKING pc=0x000002a18dc369a3 sp=0x000000f0865fd4b8 mode 2

Classes unloaded (0 events):
No events

Classes redefined (0 events):
No events

Internal exceptions (20 events):
Event: 84.330 Thread 0x000002a1a6d82df0 Exception <a 'java/lang/IncompatibleClassChangeError'{0x000000008abc9010}: Found class java.lang.Object, but interface was expected> (0x000000008abc9010) 
thrown [s\src\hotspot\share\interpreter\linkResolver.cpp, line 838]
Event: 84.811 Thread 0x000002a1a6d82df0 Exception <a 'java/lang/NoSuchMethodError'{0x000000008b50fd48}: 'java.lang.Object java.lang.invoke.DirectMethodHandle$Holder.invokeStatic(java.lang.Object, int, java.lang.Object, java.lang.Object)'> (0x000000008b50fd48) 
thrown [s\src\hotspot\share\interpreter\linkResolver.cpp, line 771]
Event: 84.812 Thread 0x000002a1a6d82df0 Exception <a 'java/lang/NoSuchMethodError'{0x000000008b523cc0}: 'java.lang.Object java.lang.invoke.DirectMethodHandle$Holder.invokeStatic(java.lang.Object, java.lang.Object, int, java.lang.Object, java.lang.Object)'> (0x000000008b523cc0) 
thrown [s\src\hotspot\share\interpreter\linkResolver.cpp, line 771]
Event: 84.902 Thread 0x000002a1a6d82df0 Exception <a 'java/lang/IncompatibleClassChangeError'{0x000000008fa0e4f0}: Found class java.lang.Object, but interface was expected> (0x000000008fa0e4f0) 
thrown [s\src\hotspot\share\interpreter\linkResolver.cpp, line 838]
Event: 84.937 Thread 0x000002a1a6d82df0 Exception <a 'java/lang/IncompatibleClassChangeError'{0x000000008f8d2cf8}: Found class java.lang.Object, but interface was expected> (0x000000008f8d2cf8) 
thrown [s\src\hotspot\share\interpreter\linkResolver.cpp, line 838]
Event: 84.937 Thread 0x000002a1a6d82df0 Exception <a 'java/lang/IncompatibleClassChangeError'{0x000000008f8d73a0}: Found class java.lang.Object, but interface was expected> (0x000000008f8d73a0) 
thrown [s\src\hotspot\share\interpreter\linkResolver.cpp, line 838]
Event: 85.029 Thread 0x000002a1a6d82df0 Exception <a 'java/lang/NoSuchMethodError'{0x000000008fe973a8}: 'void java.lang.invoke.DirectMethodHandle$Holder.invokeSpecial(java.lang.Object, java.lang.Object, int, java.lang.Object)'> (0x000000008fe973a8) 
thrown [s\src\hotspot\share\interpreter\linkResolver.cpp, line 771]
Event: 85.105 Thread 0x000002a1a6d82df0 Exception <a 'java/lang/NoSuchMethodError'{0x000000008f7018c8}: 'int java.lang.invoke.DirectMethodHandle$Holder.invokeSpecial(java.lang.Object, java.lang.Object, java.lang.Object, int)'> (0x000000008f7018c8) 
thrown [s\src\hotspot\share\interpreter\linkResolver.cpp, line 771]
Event: 85.111 Thread 0x000002a1a6d82df0 Exception <a 'java/lang/NoSuchMethodError'{0x000000008f78e7d0}: 'int java.lang.invoke.DirectMethodHandle$Holder.invokeSpecial(java.lang.Object, java.lang.Object, java.lang.Object, int, java.lang.Object)'> (0x000000008f78e7d0) 
thrown [s\src\hotspot\share\interpreter\linkResolver.cpp, line 771]
Event: 85.166 Thread 0x000002a1a6d82df0 Exception <a 'java/lang/NoSuchMethodError'{0x000000008ffc68e8}: 'long java.lang.invoke.DirectMethodHandle$Holder.invokeStatic(java.lang.Object, java.lang.Object)'> (0x000000008ffc68e8) 
thrown [s\src\hotspot\share\interpreter\linkResolver.cpp, line 771]
Event: 85.233 Thread 0x000002a1a6d82df0 Exception <a 'java/lang/NoSuchMethodError'{0x000000008fa5cfe8}: 'java.lang.Object java.lang.invoke.DirectMethodHandle$Holder.newInvokeSpecial(java.lang.Object, java.lang.Object, int, java.lang.Object, java.lang.Object, java.lang.Object)'> (0x000000008fa5cfe8) 
thrown [s\src\hotspot\share\interpreter\linkResolver.cpp, line 771]
Event: 85.234 Thread 0x000002a1a6d82df0 Exception <a 'java/lang/NoSuchMethodError'{0x000000008fa64a60}: 'java.lang.Object java.lang.invoke.Invokers$Holder.linkToTargetMethod(java.lang.Object, int, java.lang.Object, java.lang.Object, java.lang.Object, java.lang.Object)'> (0x000000008fa64a60) 
thrown [s\src\hotspot\share\interpreter\linkResolver.cpp, line 771]
Event: 85.234 Thread 0x000002a1a6d82df0 Exception <a 'java/lang/NoSuchMethodError'{0x000000008fa68a98}: 'void java.lang.invoke.DirectMethodHandle$Holder.invokeSpecial(java.lang.Object, java.lang.Object, java.lang.Object, int, java.lang.Object, java.lang.Object, java.lang.Object, java.lang.Object)'> (0x000000008fa68a98) 
thrown [s\src\hotspot\share\interpreter\linkResolver.cpp, line 771]
Event: 85.236 Thread 0x000002a1a6d82df0 Exception <a 'java/lang/NoSuchMethodError'{0x000000008fa8eb50}: 'void java.lang.invoke.DirectMethodHandle$Holder.invokeStatic(java.lang.Object, java.lang.Object, java.lang.Object, java.lang.Object, java.lang.Object, java.lang.Object, java.lang.Object, java.lang.Object)'> (0x000000008fa8eb50) 
thrown [s\src\hotspot\share\interpreter\linkResolver.cpp, line 771]
Event: 85.294 Thread 0x000002a1a6d82df0 Exception <a 'java/lang/IncompatibleClassChangeError'{0x000000008f36ad88}: Found class java.lang.Object, but interface was expected> (0x000000008f36ad88) 
thrown [s\src\hotspot\share\interpreter\linkResolver.cpp, line 838]
Event: 85.339 Thread 0x000002a1a6d82df0 Exception <a 'sun/nio/fs/WindowsException'{0x000000008f0a4b88}> (0x000000008f0a4b88) 
thrown [s\src\hotspot\share\prims\jni.cpp, line 517]
Event: 85.382 Thread 0x000002a1a6f779e0 Exception <a 'java/lang/NoSuchMethodError'{0x000000008ecbc5f0}: static Lkotlin/InitializedLazyImpl;.<clinit>()V> (0x000000008ecbc5f0) 
thrown [s\src\hotspot\share\prims\jni.cpp, line 1108]
Event: 85.413 Thread 0x000002a1a75a8f80 Exception <a 'sun/nio/fs/WindowsException'{0x000000008e786210}> (0x000000008e786210) 
thrown [s\src\hotspot\share\prims\jni.cpp, line 517]
Event: 85.413 Thread 0x000002a1a75a8f80 Exception <a 'sun/nio/fs/WindowsException'{0x000000008e786600}> (0x000000008e786600) 
thrown [s\src\hotspot\share\prims\jni.cpp, line 517]
Event: 85.438 Thread 0x000002a1a75a7630 Exception <a 'sun/nio/fs/WindowsException'{0x000000008e511e28}> (0x000000008e511e28) 
thrown [s\src\hotspot\share\prims\jni.cpp, line 517]

VM Operations (20 events):
Event: 84.734 Executing VM operation: CollectForMetadataAllocation
Event: 84.734 Executing VM operation: CollectForMetadataAllocation done
Event: 84.761 Executing VM operation: CollectForMetadataAllocation
Event: 84.761 Executing VM operation: CollectForMetadataAllocation done
Event: 84.785 Executing VM operation: CollectForMetadataAllocation
Event: 84.786 Executing VM operation: CollectForMetadataAllocation done
Event: 84.809 Executing VM operation: CollectForMetadataAllocation
Event: 84.809 Executing VM operation: CollectForMetadataAllocation done
Event: 84.819 Executing VM operation: G1PauseRemark
Event: 84.828 Executing VM operation: G1PauseRemark done
Event: 84.866 Executing VM operation: G1PauseCleanup
Event: 84.866 Executing VM operation: G1PauseCleanup done
Event: 84.999 Executing VM operation: G1CollectForAllocation
Event: 85.003 Executing VM operation: G1CollectForAllocation done
Event: 85.081 Executing VM operation: HandshakeAllThreads
Event: 85.081 Executing VM operation: HandshakeAllThreads done
Event: 85.115 Executing VM operation: G1CollectForAllocation
Event: 85.138 Executing VM operation: G1CollectForAllocation done
Event: 85.336 Executing VM operation: HandshakeAllThreads
Event: 85.336 Executing VM operation: HandshakeAllThreads done

Events (20 events):
Event: 85.083 loading class java/util/stream/SliceOps$1
Event: 85.083 loading class java/util/stream/SliceOps$1 done
Event: 85.083 loading class java/util/stream/SliceOps$1$1
Event: 85.083 loading class java/util/stream/SliceOps$1$1 done
Event: 85.096 loading class java/util/PriorityQueue
Event: 85.096 loading class java/util/PriorityQueue done
Event: 85.155 loading class java/util/IdentityHashMap$ValueIterator
Event: 85.155 loading class java/util/IdentityHashMap$ValueIterator done
Event: 85.308 loading class java/nio/ShortBuffer
Event: 85.308 loading class java/nio/ShortBuffer done
Event: 85.321 loading class java/nio/ByteBufferAsShortBufferL
Event: 85.322 loading class java/nio/ByteBufferAsShortBufferL done
Event: 85.333 loading class java/util/zip/Adler32
Event: 85.334 loading class java/util/zip/Adler32 done
Event: 85.348 loading class java/time/Instant$1
Event: 85.348 loading class java/time/Instant$1 done
Event: 85.407 loading class java/io/PushbackInputStream
Event: 85.407 loading class java/io/PushbackInputStream done
Event: 85.477 loading class java/nio/BufferUnderflowException
Event: 85.477 loading class java/nio/BufferUnderflowException done


Dynamic libraries:
0x00007ff6da730000 - 0x00007ff6da73a000 	C:\Program Files\Android\Android Studio\jbr\bin\java.exe
0x00007fff96350000 - 0x00007fff96548000 	C:\WINDOWS\SYSTEM32\ntdll.dll
0x00007fff95740000 - 0x00007fff95802000 	C:\WINDOWS\System32\KERNEL32.DLL
0x00007fff93b30000 - 0x00007fff93e26000 	C:\WINDOWS\System32\KERNELBASE.dll
0x00007fff93e60000 - 0x00007fff93f60000 	C:\WINDOWS\System32\ucrtbase.dll
0x00007fff5fc70000 - 0x00007fff5fc87000 	C:\Program Files\Android\Android Studio\jbr\bin\jli.dll
0x00007fff8cb50000 - 0x00007fff8cb6b000 	C:\Program Files\Android\Android Studio\jbr\bin\VCRUNTIME140.dll
0x00007fff94880000 - 0x00007fff94a21000 	C:\WINDOWS\System32\USER32.dll
0x00007fff7be80000 - 0x00007fff7c11b000 	C:\WINDOWS\WinSxS\amd64_microsoft.windows.common-controls_6595b64144ccf1df_6.0.19041.6456_none_60b8a6cb71f64256\COMCTL32.dll
0x00007fff93e30000 - 0x00007fff93e52000 	C:\WINDOWS\System32\win32u.dll
0x00007fff961a0000 - 0x00007fff961cb000 	C:\WINDOWS\System32\GDI32.dll
0x00007fff939e0000 - 0x00007fff93af9000 	C:\WINDOWS\System32\gdi32full.dll
0x00007fff93f60000 - 0x00007fff93ffd000 	C:\WINDOWS\System32\msvcp_win.dll
0x00007fff950b0000 - 0x00007fff9514e000 	C:\WINDOWS\System32\msvcrt.dll
0x00007fff962e0000 - 0x00007fff9630f000 	C:\WINDOWS\System32\IMM32.DLL
0x00007fff8fac0000 - 0x00007fff8facc000 	C:\Program Files\Android\Android Studio\jbr\bin\vcruntime140_1.dll
0x00007fff79ef0000 - 0x00007fff79f7d000 	C:\Program Files\Android\Android Studio\jbr\bin\msvcp140.dll
0x00007fff05330000 - 0x00007fff05fb3000 	C:\Program Files\Android\Android Studio\jbr\bin\server\jvm.dll
0x00007fff952c0000 - 0x00007fff95371000 	C:\WINDOWS\System32\ADVAPI32.dll
0x00007fff961d0000 - 0x00007fff9626f000 	C:\WINDOWS\System32\sechost.dll
0x00007fff94520000 - 0x00007fff94640000 	C:\WINDOWS\System32\RPCRT4.dll
0x00007fff93b00000 - 0x00007fff93b27000 	C:\WINDOWS\System32\bcrypt.dll
0x00007fff92f20000 - 0x00007fff92f6b000 	C:\WINDOWS\SYSTEM32\POWRPROF.dll
0x00007fff89220000 - 0x00007fff8922a000 	C:\WINDOWS\SYSTEM32\VERSION.dll
0x00007fff87d70000 - 0x00007fff87d97000 	C:\WINDOWS\SYSTEM32\WINMM.dll
0x00007fff8c0e0000 - 0x00007fff8c0e9000 	C:\WINDOWS\SYSTEM32\WSOCK32.dll
0x00007fff96270000 - 0x00007fff962db000 	C:\WINDOWS\System32\ws2_32.DLL
0x00007fff92de0000 - 0x00007fff92df2000 	C:\WINDOWS\SYSTEM32\UMPDC.dll
0x00007fff917f0000 - 0x00007fff91802000 	C:\WINDOWS\SYSTEM32\kernel.appcore.dll
0x00007fff8cb00000 - 0x00007fff8cb0a000 	C:\Program Files\Android\Android Studio\jbr\bin\jimage.dll
0x00007fff91060000 - 0x00007fff91261000 	C:\WINDOWS\SYSTEM32\DBGHELP.DLL
0x00007fff88ec0000 - 0x00007fff88ef4000 	C:\WINDOWS\SYSTEM32\dbgcore.DLL
0x00007fff94130000 - 0x00007fff941b2000 	C:\WINDOWS\System32\bcryptPrimitives.dll
0x00007fff89400000 - 0x00007fff8940e000 	C:\Program Files\Android\Android Studio\jbr\bin\instrument.dll
0x00007fff5f6b0000 - 0x00007fff5f6d5000 	C:\Program Files\Android\Android Studio\jbr\bin\java.dll
0x00007fff72a20000 - 0x00007fff72a38000 	C:\Program Files\Android\Android Studio\jbr\bin\zip.dll
0x00007fff95a30000 - 0x00007fff961a0000 	C:\WINDOWS\System32\SHELL32.dll
0x00007fff91a10000 - 0x00007fff921b5000 	C:\WINDOWS\SYSTEM32\windows.storage.dll
0x00007fff95380000 - 0x00007fff956d4000 	C:\WINDOWS\System32\combase.dll
0x00007fff93410000 - 0x00007fff9343b000 	C:\WINDOWS\SYSTEM32\Wldp.dll
0x00007fff94ea0000 - 0x00007fff94f6d000 	C:\WINDOWS\System32\OLEAUT32.dll
0x00007fff951b0000 - 0x00007fff9525d000 	C:\WINDOWS\System32\SHCORE.dll
0x00007fff956e0000 - 0x00007fff9573b000 	C:\WINDOWS\System32\shlwapi.dll
0x00007fff93910000 - 0x00007fff93934000 	C:\WINDOWS\SYSTEM32\profapi.dll
0x00007fff64ce0000 - 0x00007fff64cf9000 	C:\Program Files\Android\Android Studio\jbr\bin\net.dll
0x00007fff8fdf0000 - 0x00007fff8fefa000 	C:\WINDOWS\SYSTEM32\WINHTTP.dll
0x00007fff93170000 - 0x00007fff931da000 	C:\WINDOWS\system32\mswsock.dll
0x00007fff60a50000 - 0x00007fff60a66000 	C:\Program Files\Android\Android Studio\jbr\bin\nio.dll
0x00007fff89490000 - 0x00007fff894a0000 	C:\Program Files\Android\Android Studio\jbr\bin\verify.dll
0x00007fff8bad0000 - 0x00007fff8baf7000 	C:\Users\aman2\.gradle\native\c067742578af261105cb4f569cf0c3c89f3d7b1fecec35dd04571415982c5e48\windows-amd64\native-platform.dll
0x00007fff79da0000 - 0x00007fff79ee4000 	C:\Users\aman2\.gradle\native\38dada09dfb8b06ba9b0570ebf7e218e3eb74d4ef43ca46872605cf95ebc2f47\windows-amd64\native-platform-file-events.dll
0x00007fff8bee0000 - 0x00007fff8bee9000 	C:\Program Files\Android\Android Studio\jbr\bin\management.dll
0x00007fff8afb0000 - 0x00007fff8afbb000 	C:\Program Files\Android\Android Studio\jbr\bin\management_ext.dll
0x00007fff94f70000 - 0x00007fff94f78000 	C:\WINDOWS\System32\PSAPI.DLL
0x00007fff93360000 - 0x00007fff93378000 	C:\WINDOWS\SYSTEM32\CRYPTSP.dll
0x00007fff929f0000 - 0x00007fff92a28000 	C:\WINDOWS\system32\rsaenh.dll
0x00007fff938d0000 - 0x00007fff938fe000 	C:\WINDOWS\SYSTEM32\USERENV.dll
0x00007fff93380000 - 0x00007fff9338c000 	C:\WINDOWS\SYSTEM32\CRYPTBASE.dll
0x00007fff92e00000 - 0x00007fff92e3b000 	C:\WINDOWS\SYSTEM32\IPHLPAPI.DLL
0x00007fff95810000 - 0x00007fff95818000 	C:\WINDOWS\System32\NSI.dll
0x00007fff8c220000 - 0x00007fff8c237000 	C:\WINDOWS\SYSTEM32\dhcpcsvc6.DLL
0x00007fff8c990000 - 0x00007fff8c9ad000 	C:\WINDOWS\SYSTEM32\dhcpcsvc.DLL
0x00007fff92e40000 - 0x00007fff92f0a000 	C:\WINDOWS\SYSTEM32\DNSAPI.dll
0x00007fff8c0d0000 - 0x00007fff8c0d9000 	C:\Program Files\Android\Android Studio\jbr\bin\extnet.dll
0x00007fff7aa90000 - 0x00007fff7aa97000 	C:\WINDOWS\system32\wshunix.dll
0x00007fff8aed0000 - 0x00007fff8aeda000 	C:\Windows\System32\rasadhlp.dll
0x00007fff8aac0000 - 0x00007fff8ab40000 	C:\WINDOWS\System32\fwpuclnt.dll
0x00007fff8f160000 - 0x00007fff8f177000 	C:\WINDOWS\system32\napinsp.dll
0x00007fff8f120000 - 0x00007fff8f13b000 	C:\WINDOWS\system32\pnrpnsp.dll
0x00007fff90630000 - 0x00007fff9064d000 	C:\WINDOWS\system32\wshbth.dll
0x00007fff8fdd0000 - 0x00007fff8fded000 	C:\WINDOWS\system32\NLAapi.dll
0x00007fff8f0e0000 - 0x00007fff8f0f2000 	C:\WINDOWS\System32\winrnr.dll
0x00007fff8c760000 - 0x00007fff8c77e000 	C:\Users\aman2\AppData\Local\Temp\native-platform7830378610670905819dir\native-platform.dll
0x00007fff8fa20000 - 0x00007fff8fa27000 	C:\Program Files\Android\Android Studio\jbr\bin\rmi.dll

dbghelp: loaded successfully - version: 4.0.5 - missing functions: none
symbol engine: initialized successfully - sym options: 0x614 - pdb path: .;C:\Program Files\Android\Android Studio\jbr\bin;C:\WINDOWS\SYSTEM32;C:\WINDOWS\WinSxS\amd64_microsoft.windows.common-controls_6595b64144ccf1df_6.0.19041.6456_none_60b8a6cb71f64256;C:\Program Files\Android\Android Studio\jbr\bin\server;C:\Users\aman2\.gradle\native\c067742578af261105cb4f569cf0c3c89f3d7b1fecec35dd04571415982c5e48\windows-amd64;C:\Users\aman2\.gradle\native\38dada09dfb8b06ba9b0570ebf7e218e3eb74d4ef43ca46872605cf95ebc2f47\windows-amd64;C:\Users\aman2\AppData\Local\Temp\native-platform7830378610670905819dir

VM Arguments:
jvm_args: --add-opens=java.base/java.util=ALL-UNNAMED --add-opens=java.base/java.lang=ALL-UNNAMED --add-opens=java.base/java.lang.invoke=ALL-UNNAMED --add-opens=java.prefs/java.util.prefs=ALL-UNNAMED --add-opens=java.base/java.nio.charset=ALL-UNNAMED --add-opens=java.base/java.net=ALL-UNNAMED --add-opens=java.base/java.util.concurrent.atomic=ALL-UNNAMED -Xmx2048m -Dfile.encoding=UTF-8 -Duser.country=IN -Duser.language=en -Duser.variant -javaagent:C:\Users\aman2\.gradle\wrapper\dists\gradle-8.7-bin\bhs2wmbdwecv87pi65oeuq5iu\gradle-8.7\lib\agents\gradle-instrumentation-agent-8.7.jar 
java_command: org.gradle.launcher.daemon.bootstrap.GradleDaemon 8.7
java_class_path (initial): C:\Users\aman2\.gradle\wrapper\dists\gradle-8.7-bin\bhs2wmbdwecv87pi65oeuq5iu\gradle-8.7\lib\gradle-launcher-8.7.jar
Launcher Type: SUN_STANDARD

[Global flags]
     intx CICompilerCount                          = 4                                         {product} {ergonomic}
     uint ConcGCThreads                            = 2                                         {product} {ergonomic}
     uint G1ConcRefinementThreads                  = 8                                         {product} {ergonomic}
   size_t G1HeapRegionSize                         = 1048576                                   {product} {ergonomic}
    uintx GCDrainStackTargetSize                   = 64                                        {product} {ergonomic}
   size_t InitialHeapSize                          = 132120576                                 {product} {ergonomic}
   size_t MarkStackSize                            = 4194304                                   {product} {ergonomic}
   size_t MaxHeapSize                              = 2147483648                                {product} {command line}
   size_t MaxNewSize                               = 1287651328                                {product} {ergonomic}
   size_t MinHeapDeltaBytes                        = 1048576                                   {product} {ergonomic}
   size_t MinHeapSize                              = 8388608                                   {product} {ergonomic}
    uintx NonNMethodCodeHeapSize                   = 5839372                                {pd product} {ergonomic}
    uintx NonProfiledCodeHeapSize                  = 122909434                              {pd product} {ergonomic}
    uintx ProfiledCodeHeapSize                     = 122909434                              {pd product} {ergonomic}
    uintx ReservedCodeCacheSize                    = 251658240                              {pd product} {ergonomic}
     bool SegmentedCodeCache                       = true                                      {product} {ergonomic}
   size_t SoftMaxHeapSize                          = 2147483648                             {manageable} {ergonomic}
     bool UseCompressedClassPointers               = true                           {product lp64_product} {ergonomic}
     bool UseCompressedOops                        = true                           {product lp64_product} {ergonomic}
     bool UseG1GC                                  = true                                      {product} {ergonomic}
     bool UseLargePagesIndividualAllocation        = false                                  {pd product} {ergonomic}

Logging:
Log output configuration:
 #0: stdout all=warning uptime,level,tags
 #1: stderr all=off uptime,level,tags

Environment Variables:
PATH=C:\Program Files\Common Files\Oracle\Java\javapath;C:\Program Files\NVIDIA GPU Computing Toolkit\CUDA\v11.7\bin;C:\Program Files\NVIDIA GPU Computing Toolkit\CUDA\v11.7\libnvvp;C:\Users\aman2\Desktop\IndiaMart\training\oracle\bin;C:\Windows\system32;C:\Windows;C:\Windows\System32\Wbem;C:\Windows\System32\WindowsPowerShell\v1.0\;C:\Windows\System32\OpenSSH\;C:\Program Files (x86)\NVIDIA Corporation\PhysX\Common;C:\Program Files\Git LFS;C:\Program Files\nodejs\;C:\Program Files\Docker\Docker\resources\bin;C:\ProgramData\DockerDesktop\version-bin;C:\Program Files (x86)\Yarn\bin\;C:\Program Files\dotnet\;C:\Program Files\Go\bin;C:\cudnn-windows-x86_64-8.4.0.27_cuda11.6-archive\bin;C:\cudnn-windows-x86_64-8.4.0.27_cuda11.6-archive\include;C:\cudnn-windows-x86_64-8.4.0.27_cuda11.6-archive\lib;C:\Program Files\NVIDIA Corporation\Nsight Compute 2022.2.0\;C:\Program Files\Java\jdk-22\bin;C:\WINDOWS\system32;C:\WINDOWS;C:\WINDOWS\System32\Wbem;C:\WINDOWS\System32\WindowsPowerShell\v1.0\;C:\WINDOWS\System32\OpenSSH\;C:\Program Files\Git\cmd;C:\nginx;;C:\Program Files\NVIDIA Corporation\NVIDIA app\NvDLISR;C:\Program Files\CMake\bin;C:\Program Files (x86)\Windows Kits\10\Windows Performance Toolkit\;C:\Ruby30-x64\bin;C:\Users\aman2\anaconda3;C:\Users\aman2\anaconda3\Library\mingw-w64\bin;C:\Users\aman2\anaconda3\Library\usr\bin;C:\Users\aman2\anaconda3\Library\bin;C:\Users\aman2\anaconda3\Scripts;C:\Users\aman2\AppData\Local\Programs\Python\Python39\Scripts\;C:\Users\aman2\AppData\Local\Programs\Python\Python39\;C:\Users\aman2\AppData\Local\Microsoft\WindowsApps;C:\Program Files\JetBrains\PyCharm Community Edition 2020.1.2\bin;;C:\Users\aman2\AppData\Local\Programs\Microsoft VS Code\bin;C:\Program Files\heroku\bin;C:\Users\aman2\AppData\Roaming\npm;C:\Users\aman2\AppData\Local\Yarn\bin;C:\Users\aman2\go\bin;C:\Program Files (x86)\dotnet;C:\Program Files\dotnet\;C:\Users\aman2\.dotnet\tools;C:\Qt\Tools\Ninja;D:\QGIS-DIRECT\bin;C:\Qt\5.15.0\msvc2019_64\bin;D:\QGIS-DIRECT\apps\qg
USERNAME=aman2
OS=Windows_NT
PROCESSOR_IDENTIFIER=Intel64 Family 6 Model 165 Stepping 2, GenuineIntel
TMP=C:\Users\aman2\AppData\Local\Temp
TEMP=C:\Users\aman2\AppData\Local\Temp



Periodic native trim disabled

JNI global refs:
JNI global refs: 28, weak refs: 7

JNI global refs memory usage: 843, weak refs: 841

OOME stack traces (most recent first):
Classloader memory used:
Loader org.gradle.internal.classloader.VisitableURLClassLoader$InstrumentingVisitableURLClassLoader: 5344K
Loader org.gradle.internal.classloader.VisitableURLClassLoader                         : 5246K
Loader bootstrap                                                                       : 3742K
Loader org.gradle.initialization.MixInLegacyTypesClassLoader                           : 1614K
Loader jdk.internal.reflect.DelegatingClassLoader                                      : 163K
Loader jdk.internal.loader.ClassLoaders$PlatformClassLoader                            : 103K
Loader org.gradle.internal.classloader.VisitableURLClassLoader                         : 31405B
Loader jdk.internal.loader.ClassLoaders$AppClassLoader                                 : 28721B
Loader sun.reflect.misc.MethodUtil                                                     : 373B

Classes loaded by more than one classloader:
Class Program                                                                         : loaded 5 times (x 70B)
Class Build_gradle$1                                                                  : loaded 3 times (x 72B)
Class Build_gradle                                                                    : loaded 3 times (x 128B)
Class com.google.common.io.Closer$SuppressingSuppressor                               : loaded 2 times (x 73B)
Class net.rubygrapefruit.platform.internal.FunctionResult$Failure                     : loaded 2 times (x 77B)
Class org.objectweb.asm.ModuleVisitor                                                 : loaded 2 times (x 79B)
Class [Lcom.google.common.collect.AbstractMapEntry;                                   : loaded 2 times (x 67B)
Class com.google.common.collect.SingletonImmutableList                                : loaded 2 times (x 167B)
Class com.google.common.cache.CacheLoader$SupplierToCacheLoader                       : loaded 2 times (x 73B)
Class org.gradle.internal.classpath.ClassPath                                         : loaded 2 times (x 68B)
Class com.google.common.cache.RemovalListener                                         : loaded 2 times (x 68B)
Class org.gradle.api.internal.classpath.DefaultModuleRegistry                         : loaded 2 times (x 84B)
Class Settings_gradle$1$1                                                             : loaded 2 times (x 72B)
Class com.google.common.collect.ImmutableEnumSet                                      : loaded 2 times (x 144B)
Class com.google.common.collect.ListMultimap                                          : loaded 2 times (x 68B)
Class com.google.common.base.CharMatcher$JavaDigit                                    : loaded 2 times (x 109B)
Class com.google.common.base.CharMatcher$Digit                                        : loaded 2 times (x 110B)
Class com.google.common.collect.AbstractMultimap                                      : loaded 2 times (x 121B)
Class com.google.common.cache.CacheBuilder$OneWeigher                                 : loaded 2 times (x 80B)
Class org.gradle.api.Action                                                           : loaded 2 times (x 68B)
Class com.google.common.collect.ImmutableEntry                                        : loaded 2 times (x 80B)
Class com.google.common.collect.Lists$StringAsImmutableList                           : loaded 2 times (x 167B)
Class com.google.common.cache.LocalCache$StrongEntry                                  : loaded 2 times (x 106B)
Class org.objectweb.asm.FieldWriter                                                   : loaded 2 times (x 76B)
Class com.google.common.base.CharMatcher                                              : loaded 2 times (x 109B)
Class com.google.common.base.CharMatcher$IsNot                                        : loaded 2 times (x 109B)
Class net.rubygrapefruit.platform.internal.FunctionResult                             : loaded 2 times (x 75B)
Class com.google.common.base.Splitter                                                 : loaded 2 times (x 70B)
Class [Lcom.google.common.cache.Weigher;                                              : loaded 2 times (x 67B)
Class com.google.common.collect.Iterators$ArrayItr                                    : loaded 2 times (x 95B)
Class com.google.common.cache.LocalCache$Segment                                      : loaded 2 times (x 152B)
Class org.gradle.api.internal.DefaultClassPathProvider                                : loaded 2 times (x 74B)
Class org.gradle.internal.installation.GradleInstallation$1                           : loaded 2 times (x 73B)
Class com.google.common.cache.LocalCache$AbstractReferenceEntry                       : loaded 2 times (x 105B)
Class org.objectweb.asm.Type                                                          : loaded 2 times (x 70B)
Class com.google.common.util.concurrent.AbstractFuture$Failure                        : loaded 2 times (x 70B)
Class com.google.common.base.CharMatcher$BitSetMatcher                                : loaded 2 times (x 110B)
Class com.google.common.collect.ImmutableMap$IteratorBasedImmutableMap                : loaded 2 times (x 123B)
Class com.google.common.reflect.Reflection                                            : loaded 2 times (x 69B)
Class com.google.common.collect.ImmutableMap                                          : loaded 2 times (x 118B)
Class com.google.common.base.Converter                                                : loaded 2 times (x 88B)
Class com.google.common.collect.ImmutableSet$EmptySetBuilderImpl                      : loaded 2 times (x 74B)
Class com.google.common.base.Equivalence                                              : loaded 2 times (x 80B)
Class com.google.common.primitives.Ints                                               : loaded 2 times (x 69B)
Class com.google.common.cache.LocalCache$EntryFactory$1                               : loaded 2 times (x 81B)
Class com.google.common.cache.LocalCache$EntryFactory$2                               : loaded 2 times (x 81B)
Class com.google.common.cache.LocalCache$EntryFactory$3                               : loaded 2 times (x 81B)
Class com.google.common.cache.LocalCache$EntryFactory$4                               : loaded 2 times (x 81B)
Class com.google.common.cache.LocalCache$EntryFactory$5                               : loaded 2 times (x 81B)
Class com.google.common.cache.LocalCache$EntryFactory$6                               : loaded 2 times (x 81B)
Class com.google.common.reflect.TypeResolver$TypeVariableKey                          : loaded 2 times (x 70B)
Class com.google.common.cache.LocalCache$EntryFactory$7                               : loaded 2 times (x 81B)
Class com.google.common.cache.LocalCache$EntryFactory$8                               : loaded 2 times (x 81B)
Class com.google.common.base.Predicate                                                : loaded 2 times (x 68B)
Class com.google.common.cache.LocalCache$StrongValueReference                         : loaded 2 times (x 88B)
Class org.gradle.internal.classloader.FilteringClassLoader                            : loaded 2 times (x 103B)
Class com.google.common.reflect.TypeResolver$TypeTable                                : loaded 2 times (x 71B)
Class com.google.common.reflect.Invokable$MethodInvokable                             : loaded 2 times (x 103B)
Class com.google.common.collect.RegularImmutableSet                                   : loaded 2 times (x 146B)
Class [Lcom.google.common.cache.LocalCache$Strength;                                  : loaded 2 times (x 67B)
Class org.gradle.internal.classpath.DefaultClassPath$ImmutableUniqueList$Builder      : loaded 2 times (x 73B)
Class com.google.common.collect.Maps$8                                                : loaded 2 times (x 80B)
Class [Lcom.google.common.cache.CacheBuilder$NullListener;                            : loaded 2 times (x 67B)
Class com.google.common.base.PatternCompiler                                          : loaded 2 times (x 68B)
Class com.google.common.base.CharMatcher$InRange                                      : loaded 2 times (x 109B)
Class com.google.common.collect.Maps$KeySet                                           : loaded 2 times (x 135B)
Class com.google.common.collect.Sets$SetView                                          : loaded 2 times (x 136B)
Class com.google.common.collect.BiMap                                                 : loaded 2 times (x 68B)
Class com.google.common.collect.Lists                                                 : loaded 2 times (x 69B)
Class org.objectweb.asm.AnnotationWriter                                              : loaded 2 times (x 77B)
Class com.google.common.math.IntMath$1                                                : loaded 2 times (x 69B)
Class org.gradle.internal.classloader.ClassLoaderVisitor                              : loaded 2 times (x 74B)
Class org.objectweb.asm.Label                                                         : loaded 2 times (x 71B)
Class com.google.common.cache.CacheBuilder$NullListener                               : loaded 2 times (x 80B)
Class com.google.common.math.MathPreconditions                                        : loaded 2 times (x 69B)
Class org.gradle.internal.service.DefaultServiceLocator                               : loaded 2 times (x 81B)
Class org.gradle.internal.service.UnknownServiceException                             : loaded 2 times (x 81B)
Class com.google.common.util.concurrent.AbstractFuture$SynchronizedHelper             : loaded 2 times (x 76B)
Class com.google.common.collect.ArrayListMultimap                                     : loaded 2 times (x 170B)
Class com.google.common.base.Strings                                                  : loaded 2 times (x 69B)
Class com.google.common.io.Closer                                                     : loaded 2 times (x 76B)
Class com.google.common.cache.CacheLoader$InvalidCacheLoadException                   : loaded 2 times (x 80B)
Class org.gradle.internal.classloader.DefaultClassLoaderFactory                       : loaded 2 times (x 80B)
Class com.google.common.collect.UnmodifiableIterator                                  : loaded 2 times (x 78B)
Class com.google.common.base.Stopwatch                                                : loaded 2 times (x 70B)
Class com.google.common.reflect.Types                                                 : loaded 2 times (x 69B)
Class com.google.common.base.Platform$JdkPatternCompiler                              : loaded 2 times (x 73B)
Class net.rubygrapefruit.platform.ProcessLauncher                                     : loaded 2 times (x 68B)
Class com.google.common.cache.LocalCache$LoadingValueReference                        : loaded 2 times (x 94B)
Class com.google.common.base.CharMatcher$SingleWidth                                  : loaded 2 times (x 110B)
Class com.google.common.collect.Hashing                                               : loaded 2 times (x 69B)
Class [Lcom.google.common.reflect.Types$ClassOwnership;                               : loaded 2 times (x 67B)
Class com.google.common.base.JdkPattern                                               : loaded 2 times (x 73B)
Class com.google.common.collect.Multimap                                              : loaded 2 times (x 68B)
Class com.google.common.base.FunctionalEquivalence                                    : loaded 2 times (x 81B)
Class org.objectweb.asm.AnnotationVisitor                                             : loaded 2 times (x 76B)
Class org.objectweb.asm.RecordComponentWriter                                         : loaded 2 times (x 76B)
Class com.google.common.cache.LocalCache$1                                            : loaded 2 times (x 87B)
Class com.google.common.cache.LocalCache$2                                            : loaded 2 times (x 140B)
Class com.google.common.collect.RegularImmutableBiMap                                 : loaded 2 times (x 146B)
Class org.gradle.internal.classloader.VisitableURLClassLoader$Spec                    : loaded 2 times (x 72B)
Class org.gradle.api.GradleException                                                  : loaded 2 times (x 80B)
Class com.google.common.base.CharMatcher$JavaLetterOrDigit                            : loaded 2 times (x 109B)
Class org.gradle.api.internal.classpath.ModuleRegistry                                : loaded 2 times (x 68B)
Class com.google.common.collect.ForwardingObject                                      : loaded 2 times (x 70B)
Class com.google.common.reflect.TypeToken$1                                           : loaded 2 times (x 106B)
Class com.google.common.cache.CacheBuilder                                            : loaded 2 times (x 70B)
Class com.google.common.reflect.TypeToken$2                                           : loaded 2 times (x 106B)
Class org.objectweb.asm.ByteVector                                                    : loaded 2 times (x 77B)
Class com.google.common.collect.ImmutableCollection                                   : loaded 2 times (x 123B)
Class com.google.common.base.PairwiseEquivalence                                      : loaded 2 times (x 81B)
Class com.google.common.base.Ticker                                                   : loaded 2 times (x 70B)
Class org.gradle.api.internal.ClassPathProvider                                       : loaded 2 times (x 68B)
Class com.google.common.base.Ascii                                                    : loaded 2 times (x 69B)
Class com.google.common.collect.RegularImmutableMap$Values                            : loaded 2 times (x 167B)
Class org.objectweb.asm.ModuleWriter                                                  : loaded 2 times (x 80B)
Class org.gradle.internal.classloader.ClasspathUtil$1                                 : loaded 2 times (x 74B)
Class com.google.common.collect.Iterators$MergingIterator                             : loaded 2 times (x 79B)
Class com.google.common.collect.ImmutableList$ReverseImmutableList                    : loaded 2 times (x 168B)
Class net.rubygrapefruit.platform.internal.Platform$Posix                             : loaded 2 times (x 79B)
Class com.google.common.cache.AbstractCache$StatsCounter                              : loaded 2 times (x 68B)
Class org.objectweb.asm.FieldVisitor                                                  : loaded 2 times (x 75B)
Class org.objectweb.asm.Symbol                                                        : loaded 2 times (x 71B)
Class com.google.common.reflect.TypeToken                                             : loaded 2 times (x 71B)
Class com.google.common.cache.LocalCache$Strength$1                                   : loaded 2 times (x 79B)
Class com.google.common.cache.LocalCache$Strength$2                                   : loaded 2 times (x 79B)
Class com.google.common.cache.LocalCache$Strength$3                                   : loaded 2 times (x 79B)
Class org.gradle.internal.classloader.ClassLoaderFactory                              : loaded 2 times (x 68B)
Class com.google.common.collect.ObjectArrays                                          : loaded 2 times (x 69B)
Class com.google.common.util.concurrent.AbstractFuture$Waiter                         : loaded 2 times (x 70B)
Class com.google.common.util.concurrent.Uninterruptibles                              : loaded 2 times (x 69B)
Class com.google.common.collect.Iterators$10                                          : loaded 2 times (x 79B)
Class com.google.common.collect.ImmutableList                                         : loaded 2 times (x 166B)
Class org.gradle.api.internal.classpath.ManifestUtil                                  : loaded 2 times (x 69B)
Class org.gradle.api.specs.Spec                                                       : loaded 2 times (x 68B)
Class com.google.common.cache.CacheLoader$UnsupportedLoadingOperationException        : loaded 2 times (x 80B)
Class com.google.common.base.CharMatcher$Whitespace                                   : loaded 2 times (x 110B)
Class com.google.common.util.concurrent.ListenableFuture                              : loaded 2 times (x 68B)
Class com.google.common.collect.Iterators$1                                           : loaded 2 times (x 79B)
Class com.google.common.collect.Iterators$4                                           : loaded 2 times (x 80B)
Class com.google.common.collect.RegularImmutableMap$BucketOverflowException           : loaded 2 times (x 80B)
Class com.google.common.collect.Iterators$5                                           : loaded 2 times (x 80B)
Class com.google.common.util.concurrent.AbstractFuture$UnsafeAtomicHelper             : loaded 2 times (x 76B)
Class com.google.common.base.Joiner                                                   : loaded 2 times (x 77B)
Class com.google.common.base.Equivalence$Equals                                       : loaded 2 times (x 80B)
Class com.google.common.base.Preconditions                                            : loaded 2 times (x 69B)
Class com.google.common.base.Function                                                 : loaded 2 times (x 68B)
Class com.google.common.collect.Iterators$9                                           : loaded 2 times (x 79B)
Class [Lnet.rubygrapefruit.platform.internal.FunctionResult$Failure;                  : loaded 2 times (x 67B)
Class net.rubygrapefruit.platform.internal.Platform$Windows                           : loaded 2 times (x 77B)
Class org.gradle.internal.IoActions                                                   : loaded 2 times (x 69B)
Class com.google.common.cache.ReferenceEntry                                          : loaded 2 times (x 68B)
Class com.google.common.collect.RegularImmutableMap$KeySet                            : loaded 2 times (x 148B)
Class com.google.common.collect.CollectPreconditions                                  : loaded 2 times (x 69B)
Class com.google.common.primitives.IntsMethodsForWeb                                  : loaded 2 times (x 69B)
Class com.google.common.collect.Maps                                                  : loaded 2 times (x 69B)
Class com.google.common.collect.RegularImmutableMap                                   : loaded 2 times (x 119B)
Class com.google.common.collect.AbstractIndexedListIterator                           : loaded 2 times (x 94B)
Class net.rubygrapefruit.platform.internal.NativeLibraryLocator                       : loaded 2 times (x 71B)
Class com.google.common.base.CharMatcher$None                                         : loaded 2 times (x 110B)
Class org.gradle.api.internal.classpath.EffectiveClassPath                            : loaded 2 times (x 88B)
Class com.google.common.collect.UnmodifiableListIterator                              : loaded 2 times (x 93B)
Class com.google.common.cache.CacheLoader$FunctionToCacheLoader                       : loaded 2 times (x 73B)
Class com.google.common.cache.CacheBuilder$1                                          : loaded 2 times (x 83B)
Class com.google.common.cache.CacheBuilder$2                                          : loaded 2 times (x 70B)
Class com.google.common.collect.ImmutableList$1                                       : loaded 2 times (x 95B)
Class com.google.common.base.Splitter$Strategy                                        : loaded 2 times (x 68B)
Class com.google.common.collect.ImmutableMapEntrySet$RegularEntrySet                  : loaded 2 times (x 149B)
Class [Lcom.google.common.cache.RemovalListener;                                      : loaded 2 times (x 67B)
Class [Lcom.google.common.collect.ImmutableMapEntry;                                  : loaded 2 times (x 67B)
Class net.rubygrapefruit.platform.internal.Platform$Unsupported                       : loaded 2 times (x 77B)
Class org.gradle.internal.installation.CurrentGradleInstallation                      : loaded 2 times (x 71B)
Class org.gradle.internal.agents.InstrumentingClassLoader                             : loaded 2 times (x 68B)
Class org.gradle.internal.installation.CurrentGradleInstallationLocator               : loaded 2 times (x 69B)
Class [Lcom.google.common.cache.LocalCache$Segment;                                   : loaded 2 times (x 67B)
Class org.gradle.api.internal.classpath.Module                                        : loaded 2 times (x 68B)
Class com.google.common.base.Splitter$1$1                                             : loaded 2 times (x 84B)
Class net.rubygrapefruit.platform.internal.NativeLibraryLoader                        : loaded 2 times (x 71B)
Class com.google.common.collect.ImmutableSet$JdkBackedSetBuilderImpl                  : loaded 2 times (x 74B)
Class com.google.common.reflect.Types$TypeVariableInvocationHandler                   : loaded 2 times (x 73B)
Class com.google.common.reflect.Types$ClassOwnership                                  : loaded 2 times (x 78B)
Class com.google.common.collect.ImmutableSet$RegularSetBuilderImpl                    : loaded 2 times (x 75B)
Class [Lorg.objectweb.asm.AnnotationWriter;                                           : loaded 2 times (x 67B)
Class org.gradle.internal.service.CachingServiceLocator                               : loaded 2 times (x 80B)
Class [Lcom.google.common.collect.ImmutableEntry;                                     : loaded 2 times (x 67B)
Class net.rubygrapefruit.platform.internal.Platform$Linux64Bit                        : loaded 2 times (x 81B)
Class com.google.common.collect.Sets$ImprovedAbstractSet                              : loaded 2 times (x 133B)
Class org.gradle.internal.classpath.DefaultClassPath                                  : loaded 2 times (x 88B)
Class com.google.common.util.concurrent.AbstractFuture$SetFuture                      : loaded 2 times (x 73B)
Class com.google.common.base.Splitter$SplittingIterator                               : loaded 2 times (x 82B)
Class com.google.common.reflect.TypeParameter                                         : loaded 2 times (x 70B)
Class com.google.common.cache.LocalCache$LocalManualCache$1                           : loaded 2 times (x 73B)
Class org.gradle.internal.installation.GradleInstallation                             : loaded 2 times (x 73B)
Class com.google.common.reflect.Types$ClassOwnership$1LocalClass                      : loaded 2 times (x 69B)
Class org.objectweb.asm.SymbolTable$Entry                                             : loaded 2 times (x 72B)
Class [Lcom.google.common.cache.LocalCache$EntryFactory;                              : loaded 2 times (x 67B)
Class net.rubygrapefruit.platform.internal.jni.NativeLibraryFunctions                 : loaded 2 times (x 69B)
Class com.google.common.base.CharMatcher$Is                                           : loaded 2 times (x 109B)
Class com.google.common.base.Platform                                                 : loaded 2 times (x 69B)
Class com.google.common.collect.RegularImmutableAsList                                : loaded 2 times (x 176B)
Class com.google.common.base.Suppliers$NonSerializableMemoizingSupplier               : loaded 2 times (x 77B)
Class com.google.common.collect.PeekingIterator                                       : loaded 2 times (x 68B)
Class com.google.common.reflect.TypeResolver$TypeTable$1                              : loaded 2 times (x 71B)
Class com.google.common.collect.ImmutableMapEntrySet                                  : loaded 2 times (x 149B)
Class com.google.common.cache.CacheLoader                                             : loaded 2 times (x 72B)
Class com.google.common.collect.ImmutableBiMapFauxverideShim                          : loaded 2 times (x 118B)
Class org.objectweb.asm.MethodTooLargeException                                       : loaded 2 times (x 81B)
Class com.google.common.cache.Cache                                                   : loaded 2 times (x 68B)
Class org.gradle.internal.classloader.SystemClassLoaderSpec                           : loaded 2 times (x 69B)
Class com.google.common.util.concurrent.internal.InternalFutureFailureAccess          : loaded 2 times (x 70B)
Class net.rubygrapefruit.platform.internal.Platform$FreeBSD64Bit                      : loaded 2 times (x 80B)
Class com.google.common.base.Charsets                                                 : loaded 2 times (x 69B)
Class com.google.common.primitives.Ints$IntConverter                                  : loaded 2 times (x 88B)
Class com.google.common.collect.SingletonImmutableSet                                 : loaded 2 times (x 144B)
Class com.google.common.reflect.Types$TypeVariableImpl                                : loaded 2 times (x 70B)
Class [Lcom.google.common.base.AbstractIterator$State;                                : loaded 2 times (x 67B)
Class com.google.common.collect.ImmutableMap$Builder                                  : loaded 2 times (x 80B)
Class net.rubygrapefruit.platform.internal.Platform$MacOs                             : loaded 2 times (x 80B)
Class com.google.common.base.AbstractIterator                                         : loaded 2 times (x 78B)
Class org.objectweb.asm.ClassWriter                                                   : loaded 2 times (x 104B)
Class com.google.common.base.AbstractIterator$1                                       : loaded 2 times (x 69B)
Class [Lcom.google.common.cache.CacheBuilder$OneWeigher;                              : loaded 2 times (x 67B)
Class net.rubygrapefruit.platform.NativeIntegrationLinkageException                   : loaded 2 times (x 80B)
Class com.google.common.collect.Iterators                                             : loaded 2 times (x 69B)
Class com.google.common.base.CharMatcher$1                                            : loaded 2 times (x 111B)
Class com.google.common.base.CharMatcher$Ascii                                        : loaded 2 times (x 110B)
Class com.google.common.cache.LocalCache$ComputingValueReference                      : loaded 2 times (x 94B)
Class org.gradle.api.UncheckedIOException                                             : loaded 2 times (x 80B)
Class com.google.common.base.CharMatcher$And                                          : loaded 2 times (x 110B)
Class com.google.common.collect.IndexedImmutableSet                                   : loaded 2 times (x 148B)
Class com.google.common.base.ExtraObjectsMethodsForWeb                                : loaded 2 times (x 69B)
Class com.google.common.collect.AbstractListMultimap                                  : loaded 2 times (x 170B)
Class com.google.common.base.CharMatcher$Any                                          : loaded 2 times (x 110B)
Class com.google.common.collect.ImmutableEnumMap                                      : loaded 2 times (x 123B)
Class com.google.common.cache.LocalCache$Strength                                     : loaded 2 times (x 79B)
Class com.google.common.collect.AbstractMapBasedMultimap$KeySet                       : loaded 2 times (x 135B)
Class com.google.common.collect.ArrayListMultimapGwtSerializationDependencies         : loaded 2 times (x 170B)
Class com.google.common.base.CharMatcher$RangesMatcher                                : loaded 2 times (x 110B)
Class org.objectweb.asm.Handler                                                       : loaded 2 times (x 70B)
Class net.rubygrapefruit.platform.internal.Platform$Linux32Bit                        : loaded 2 times (x 81B)
Class com.google.common.collect.ImmutableList$SubList                                 : loaded 2 times (x 168B)
Class net.rubygrapefruit.platform.internal.Platform$MacOs64Bit                        : loaded 2 times (x 80B)
Class com.google.common.cache.LocalCache$ValueReference                               : loaded 2 times (x 68B)
Class org.gradle.internal.classloader.ClasspathUtil                                   : loaded 2 times (x 69B)
Class org.objectweb.asm.CurrentFrame                                                  : loaded 2 times (x 71B)
Class com.google.common.util.concurrent.AbstractFuture                                : loaded 2 times (x 93B)
Class com.google.common.reflect.TypeResolver                                          : loaded 2 times (x 70B)
Class com.google.common.base.Splitter$1                                               : loaded 2 times (x 75B)
Class com.google.common.base.Ticker$1                                                 : loaded 2 times (x 70B)
Class com.google.common.collect.Maps$BiMapConverter                                   : loaded 2 times (x 88B)
Class org.gradle.api.internal.DefaultClassPathRegistry                                : loaded 2 times (x 74B)
Class com.google.common.util.concurrent.AbstractFuture$Cancellation                   : loaded 2 times (x 70B)
Class [Lorg.objectweb.asm.Symbol;                                                     : loaded 2 times (x 67B)
Class com.google.common.collect.ImmutableSet$SetBuilderImpl                           : loaded 2 times (x 74B)
Class org.gradle.api.internal.classpath.DefaultModuleRegistry$DefaultModule           : loaded 2 times (x 84B)
Class net.rubygrapefruit.platform.internal.Platform                                   : loaded 2 times (x 77B)
Class com.google.common.base.CharMatcher$JavaIsoControl                               : loaded 2 times (x 110B)
Class com.google.common.collect.ImmutableMap$1                                        : loaded 2 times (x 79B)
Class com.google.common.base.CharMatcher$Or                                           : loaded 2 times (x 110B)
Class org.gradle.kotlin.dsl.VersionCatalogAccessorsKt                                 : loaded 2 times (x 69B)
Class com.google.common.base.Suppliers$SupplierOfInstance                             : loaded 2 times (x 77B)
Class org.objectweb.asm.RecordComponentVisitor                                        : loaded 2 times (x 75B)
Class com.google.common.reflect.Types$ClassOwnership$1                                : loaded 2 times (x 78B)
Class com.google.common.reflect.Invokable                                             : loaded 2 times (x 99B)
Class com.google.common.reflect.Types$ClassOwnership$2                                : loaded 2 times (x 78B)
Class com.google.common.reflect.Types$ClassOwnership$3                                : loaded 2 times (x 69B)
Class com.google.common.collect.Iterables                                             : loaded 2 times (x 69B)
Class com.google.common.base.CharMatcher$JavaLowerCase                                : loaded 2 times (x 109B)
Class org.objectweb.asm.ClassTooLargeException                                        : loaded 2 times (x 81B)
Class org.gradle.api.internal.classpath.UnknownModuleException                        : loaded 2 times (x 80B)
Class com.google.common.util.concurrent.AbstractFuture$Listener                       : loaded 2 times (x 70B)
Class org.objectweb.asm.Edge                                                          : loaded 2 times (x 70B)
Class com.google.common.collect.Maps$EntryTransformer                                 : loaded 2 times (x 68B)
Class com.google.common.collect.ImmutableCollection$Builder                           : loaded 2 times (x 74B)
Class net.rubygrapefruit.platform.internal.Platform$Window64Bit                       : loaded 2 times (x 77B)
Class [Lorg.objectweb.asm.SymbolTable$Entry;                                          : loaded 2 times (x 67B)
Class com.google.common.reflect.Types$JavaVersion                                     : loaded 2 times (x 81B)
Class com.google.common.collect.SingletonImmutableBiMap                               : loaded 2 times (x 141B)
Class com.google.common.base.CommonPattern                                            : loaded 2 times (x 72B)
Class com.google.common.base.Suppliers$MemoizingSupplier                              : loaded 2 times (x 77B)
Class com.google.common.base.Suppliers                                                : loaded 2 times (x 69B)
Class net.rubygrapefruit.platform.internal.Platform$FreeBSD32Bit                      : loaded 2 times (x 80B)
Class org.objectweb.asm.ClassVisitor                                                  : loaded 2 times (x 86B)
Class com.google.common.cache.LoadingCache                                            : loaded 2 times (x 68B)
Class org.gradle.internal.service.ServiceLookupException                              : loaded 2 times (x 80B)
Class org.gradle.cache.GlobalCache                                                    : loaded 2 times (x 68B)
Class com.google.common.base.CharMatcher$NegatedFastMatcher                           : loaded 2 times (x 111B)
Class [Lorg.gradle.api.internal.ClassPathProvider;                                    : loaded 2 times (x 67B)
Class com.google.common.util.concurrent.AbstractFuture$SafeAtomicHelper               : loaded 2 times (x 77B)
Class net.rubygrapefruit.platform.internal.Platform$FreeBSD                           : loaded 2 times (x 80B)
Class org.gradle.util.internal.GUtil                                                  : loaded 2 times (x 69B)
Class net.rubygrapefruit.platform.internal.Platform$Unix                              : loaded 2 times (x 80B)
Class com.google.common.math.IntMath                                                  : loaded 2 times (x 69B)
Class [Lcom.google.common.reflect.Types$JavaVersion;                                  : loaded 2 times (x 67B)
Class net.rubygrapefruit.platform.Process                                             : loaded 2 times (x 68B)
Class com.google.common.collect.AbstractIterator                                      : loaded 2 times (x 80B)
Class org.gradle.internal.classloader.ClassLoaderSpec                                 : loaded 2 times (x 69B)
Class com.google.common.base.NullnessCasts                                            : loaded 2 times (x 69B)
Class org.objectweb.asm.Frame                                                         : loaded 2 times (x 71B)
Class com.google.common.cache.LocalCache$LocalManualCache                             : loaded 2 times (x 97B)
Class com.google.common.collect.AbstractMapEntry                                      : loaded 2 times (x 79B)
Class com.google.common.collect.ImmutableList$Builder                                 : loaded 2 times (x 75B)
Class com.google.common.base.CharMatcher$Negated                                      : loaded 2 times (x 111B)
Class net.rubygrapefruit.platform.NativeIntegrationUnavailableException               : loaded 2 times (x 80B)
Class com.google.common.cache.CacheLoader$1                                           : loaded 2 times (x 73B)
Class net.rubygrapefruit.platform.NativeIntegration                                   : loaded 2 times (x 68B)
Class com.google.common.util.concurrent.AbstractFuture$TrustedFuture                  : loaded 2 times (x 95B)
Class com.google.common.collect.Sets                                                  : loaded 2 times (x 69B)
Class com.google.common.collect.ImmutableSet$Builder                                  : loaded 2 times (x 83B)
Class com.google.common.base.CharMatcher$ForPredicate                                 : loaded 2 times (x 110B)
Class com.google.common.collect.ImmutableMap$MapViewOfValuesAsSingletonSets           : loaded 2 times (x 123B)
Class net.rubygrapefruit.platform.internal.Platform$MacOs32Bit                        : loaded 2 times (x 80B)
Class com.google.common.base.MoreObjects                                              : loaded 2 times (x 69B)
Class com.google.common.collect.SortedMapDifference                                   : loaded 2 times (x 68B)
Class org.objectweb.asm.SymbolTable                                                   : loaded 2 times (x 70B)
Class [Lorg.objectweb.asm.AnnotationVisitor;                                          : loaded 2 times (x 67B)
Class com.google.common.cache.CacheStats                                              : loaded 2 times (x 69B)
Class org.objectweb.asm.Attribute                                                     : loaded 2 times (x 75B)
Class org.gradle.internal.classloader.VisitableURLClassLoader                         : loaded 2 times (x 115B)
Class com.google.common.cache.LocalCache$LocalLoadingCache                            : loaded 2 times (x 132B)
Class com.google.common.base.Supplier                                                 : loaded 2 times (x 68B)
Class com.google.common.base.Objects                                                  : loaded 2 times (x 69B)
Class com.google.common.util.concurrent.AbstractFuture$AtomicHelper                   : loaded 2 times (x 76B)
Class com.google.common.collect.ImmutableBiMap                                        : loaded 2 times (x 141B)
Class org.gradle.internal.Cast                                                        : loaded 2 times (x 69B)
Class com.google.common.hash.PrimitiveSink                                            : loaded 2 times (x 68B)
Class com.google.common.reflect.TypeCapture                                           : loaded 2 times (x 69B)
Class org.gradle.api.internal.ClassPathRegistry                                       : loaded 2 times (x 68B)
Class com.google.common.cache.LocalCache$EntryFactory                                 : loaded 2 times (x 81B)
Class com.google.common.util.concurrent.UncheckedExecutionException                   : loaded 2 times (x 80B)
Class com.google.common.collect.ImmutableSet                                          : loaded 2 times (x 143B)
Class org.gradle.internal.classloader.VisitableURLClassLoader$InstrumentingVisitableURLClassLoader: loaded 2 times (x 121B)
Class org.gradle.internal.classloader.ClassLoaderHierarchy                            : loaded 2 times (x 68B)
Class com.google.common.io.Closer$Suppressor                                          : loaded 2 times (x 68B)
Class net.rubygrapefruit.platform.internal.LibraryDef                                 : loaded 2 times (x 70B)
Class [Lorg.objectweb.asm.Type;                                                       : loaded 2 times (x 67B)
Class com.google.common.base.AbstractIterator$State                                   : loaded 2 times (x 77B)
Class com.google.common.cache.Weigher                                                 : loaded 2 times (x 68B)
Class com.google.common.base.CharMatcher$NamedFastMatcher                             : loaded 2 times (x 110B)
Class org.gradle.internal.InternalTransformer                                         : loaded 2 times (x 68B)
Class org.gradle.internal.service.ServiceLocator                                      : loaded 2 times (x 68B)
Class Settings_gradle$1                                                               : loaded 2 times (x 72B)
Class net.rubygrapefruit.platform.internal.Platform$Linux                             : loaded 2 times (x 81B)
Class com.google.common.util.concurrent.SettableFuture                                : loaded 2 times (x 95B)
Class net.rubygrapefruit.platform.NativeException                                     : loaded 2 times (x 80B)
Class net.rubygrapefruit.platform.Native                                              : loaded 2 times (x 69B)
Class com.google.common.collect.ImmutableMapEntry                                     : loaded 2 times (x 83B)
Class com.google.common.reflect.Types$ParameterizedTypeImpl                           : loaded 2 times (x 79B)
Class net.rubygrapefruit.platform.internal.Platform$Window32Bit                       : loaded 2 times (x 77B)
Class com.google.common.base.CharMatcher$Invisible                                    : loaded 2 times (x 110B)
Class com.google.common.base.Joiner$1                                                 : loaded 2 times (x 78B)
Class com.google.common.base.Joiner$2                                                 : loaded 2 times (x 77B)
Class com.google.common.reflect.Types$JavaVersion$1                                   : loaded 2 times (x 81B)
Class com.google.common.base.CharMatcher$FastMatcher                                  : loaded 2 times (x 109B)
Class com.google.common.reflect.Types$JavaVersion$2                                   : loaded 2 times (x 81B)
Class com.google.common.reflect.Types$JavaVersion$3                                   : loaded 2 times (x 81B)
Class org.gradle.internal.classpath.DefaultClassPath$ImmutableUniqueList              : loaded 2 times (x 159B)
Class com.google.common.reflect.Types$JavaVersion$4                                   : loaded 2 times (x 81B)
Class com.google.common.reflect.Types$JavaVersion$5                                   : loaded 2 times (x 69B)
Class com.google.common.base.CharMatcher$JavaLetter                                   : loaded 2 times (x 109B)
Class org.gradle.internal.classpath.TransformedClassPath                              : loaded 2 times (x 94B)
Class com.google.common.collect.MapDifference                                         : loaded 2 times (x 68B)
Class com.google.common.reflect.TypeToken$SimpleTypeToken                             : loaded 2 times (x 71B)
Class com.google.common.collect.Sets$1                                                : loaded 2 times (x 137B)
Class com.google.common.collect.Sets$2                                                : loaded 2 times (x 137B)
Class com.google.common.util.concurrent.AbstractFuture$Trusted                        : loaded 2 times (x 68B)
Class com.google.common.collect.Sets$3                                                : loaded 2 times (x 137B)
Class com.google.common.collect.Sets$4                                                : loaded 2 times (x 137B)
Class com.google.common.reflect.Types$NativeTypeVariableEquals                        : loaded 2 times (x 69B)
Class Settings_gradle                                                                 : loaded 2 times (x 126B)
Class org.objectweb.asm.MethodWriter                                                  : loaded 2 times (x 104B)
Class com.google.common.collect.Platform                                              : loaded 2 times (x 69B)
Class com.google.common.collect.ImmutableAsList                                       : loaded 2 times (x 169B)
Class com.google.common.util.concurrent.ExecutionError                                : loaded 2 times (x 80B)
Class com.google.common.base.Equivalence$Identity                                     : loaded 2 times (x 80B)
Class com.google.common.base.CharMatcher$AnyOf                                        : loaded 2 times (x 110B)
Class com.google.common.base.CharMatcher$IsEither                                     : loaded 2 times (x 109B)
Class com.google.common.cache.LocalCache                                              : loaded 2 times (x 185B)
Class com.google.common.collect.RegularImmutableList                                  : loaded 2 times (x 172B)
Class com.google.common.util.concurrent.AbstractFuture$UnsafeAtomicHelper$1           : loaded 2 times (x 74B)
Class com.google.common.base.CharMatcher$JavaUpperCase                                : loaded 2 times (x 109B)
Class com.google.common.collect.Multiset                                              : loaded 2 times (x 68B)
Class com.google.common.collect.ImmutableSet$CachingAsList                            : loaded 2 times (x 145B)
Class com.google.common.reflect.Invokable$ConstructorInvokable                        : loaded 2 times (x 103B)
Class org.objectweb.asm.MethodVisitor                                                 : loaded 2 times (x 103B)
Class com.google.common.collect.AbstractMapBasedMultimap$KeySet$1                     : loaded 2 times (x 80B)
Class com.google.common.collect.ImmutableMapEntry$NonTerminalImmutableMapEntry        : loaded 2 times (x 83B)
Class com.google.common.collect.AbstractMapBasedMultimap                              : loaded 2 times (x 137B)


---------------  S Y S T E M  ---------------

OS:
 Windows 10 , 64 bit Build 19041 (10.0.19041.5915)
OS uptime: 12 days 3:04 hours
Hyper-V role detected

CPU: total 8 (initial active 8) (4 cores per cpu, 2 threads per core) family 6 model 165 stepping 2 microcode 0xfc, cx8, cmov, fxsr, ht, mmx, 3dnowpref, sse, sse2, sse3, ssse3, sse4.1, sse4.2, popcnt, lzcnt, tsc, tscinvbit, avx, avx2, aes, erms, clmul, bmi1, bmi2, adx, fma, vzeroupper, clflush, clflushopt, hv
Processor Information for all 8 processors :
  Max Mhz: 2496, Current Mhz: 2496, Mhz Limit: 2496

Memory: 4k page, system-wide physical 7985M (304M free)
TotalPageFile size 32561M (AvailPageFile size 5M)
current process WorkingSet (physical memory assigned to process): 397M, peak: 424M
current process commit charge ("private bytes"): 597M, peak: 599M

vm_info: OpenJDK 64-Bit Server VM (17.0.10+0--11609105) for windows-amd64 JRE (17.0.10+0--11609105), built on Mar 21 2024 19:10:56 by "androidbuild" with MS VC++ 16.10 / 16.11 (VS2019)

END.
